{
  "phase": "1.55D_v2",
  "model": "qwen2.5-vl-7b-instruct-4bit",
  "frame_count": 20,
  "reprefill_k": 1,
  "reprefill_k_q2": 1,
  "reprefill_k_q3": 0,
  "temperature": 1.0,
  "top_p": 0.95,
  "min_p": 0.0,
  "seed": 2026,
  "n_clips": 7,
  "n_queries_per_mode": 21,
  "total_wall_ms": 3803634.078459,
  "peak_rss_gb": 5.220171776,
  "pathological_follow_up_hits": 0,
  "pathological_follow_up_total": 14,
  "pathological_q3_hits": 0,
  "pathological_q3_total": 7,
  "session": {
    "label": "session",
    "n": 21,
    "n_correct": 15,
    "accuracy": 0.7142857142857143,
    "mean_elapsed_ms": 39914.23786704762,
    "median_elapsed_ms": 22136.750876000002,
    "p05_elapsed_ms": 678.6789570000001,
    "p95_elapsed_ms": 111730.840708
  },
  "session_follow_up": {
    "label": "session_follow_up",
    "n": 14,
    "n_correct": 8,
    "accuracy": 0.5714285714285714,
    "mean_elapsed_ms": 10162.713333357142,
    "median_elapsed_ms": 5187.712728499999,
    "p05_elapsed_ms": 655.049083,
    "p95_elapsed_ms": 28212.270417
  },
  "baseline": {
    "label": "baseline",
    "n": 21,
    "n_correct": 15,
    "accuracy": 0.7142857142857143,
    "mean_elapsed_ms": 103893.12695433332,
    "median_elapsed_ms": 106580.036041,
    "p05_elapsed_ms": 87310.253791,
    "p95_elapsed_ms": 119491.864
  },
  "mean_follow_up_prefix_coverage": 0.9680910641383029,
  "accuracy_delta_session_minus_baseline": 0.0
}
