{
  "agreement": 0.9666666666666667,
  "anchor_arm": "none",
  "dense_accuracy": 0.4666666666666667,
  "dense_parse_failures": 1,
  "effective_keep_ratio": 1.0,
  "end_to_end_speedup_mean": 1.0420892495588807,
  "frame_count": 8,
  "generate_speedup_mean": 1.2445165442494306,
  "keep_rate": 1.0,
  "manifest": "research/benchmark_manifests/videomme_holdout_v1.toml",
  "max_tokens": 32,
  "mean_decode_ms": 31485.12140686666,
  "mean_dense_end_to_end_ms": 49594.154909533325,
  "mean_dense_generate_ms": 10330.673151333332,
  "mean_dense_generation_tokens": 25.0,
  "mean_dense_generation_tps": 28.494422625470722,
  "mean_dense_prompt_tokens": 2194.733333333333,
  "mean_dense_vision_ms": 7663.430905633332,
  "mean_kept_tokens_total": 2048.0,
  "mean_processor_ms": 114.9294457,
  "mean_pruned_end_to_end_ms": 47591.08198316667,
  "mean_pruned_generate_ms": 8300.952847166667,
  "mean_pruned_generation_tokens": 25.0,
  "mean_pruned_generation_tps": 29.766635611083814,
  "mean_pruned_mask_ms": 3.1901901999999995,
  "mean_pruned_novelty_ms": 16.11259036666667,
  "mean_pruned_prompt_tokens": 2194.733333333333,
  "mean_pruned_prune_ms": 7.3445972333333325,
  "median_dense_end_to_end_ms": 29681.759771,
  "median_dense_generate_ms": 8942.3125,
  "median_pruned_end_to_end_ms": 28213.962355,
  "median_pruned_generate_ms": 8263.0384165,
  "model_path": "/Users/jfb/models/gemma-4-e4b-it-4bit",
  "n_frames": 8,
  "n_items": 30,
  "per_token_generate_speedup_mean": 1.2445165442494308,
  "pruned_accuracy": 0.4666666666666667,
  "pruned_parse_failures": 1,
  "tokens_per_frame_baseline": 256,
  "vision_tower_keep_rate": null,
  "vision_tower_layer": null,
  "vision_tower_patched": false
}
