{
  "agreement": 0.9666666666666667,
  "anchor_arm": "none",
  "dense_accuracy": 0.4666666666666667,
  "dense_parse_failures": 1,
  "effective_keep_ratio": 1.0,
  "end_to_end_speedup_mean": 1.0158904749099689,
  "frame_count": 8,
  "generate_speedup_mean": 1.0915701539288947,
  "keep_rate": 1.0,
  "manifest": "research/benchmark_manifests/videomme_holdout_v1.toml",
  "max_tokens": 32,
  "mean_decode_ms": 31968.1767653,
  "mean_dense_end_to_end_ms": 45250.63846779999,
  "mean_dense_generate_ms": 8686.481951366668,
  "mean_dense_generation_tokens": 24.0,
  "mean_dense_generation_tps": 32.87360528509674,
  "mean_dense_prompt_tokens": 2194.733333333333,
  "mean_dense_vision_ms": 4498.751716533333,
  "mean_kept_tokens_total": 2048.0,
  "mean_processor_ms": 97.22803460000002,
  "mean_pruned_end_to_end_ms": 44542.83171796667,
  "mean_pruned_generate_ms": 7957.7862404,
  "mean_pruned_generation_tokens": 24.0,
  "mean_pruned_generation_tps": 33.51197381834261,
  "mean_pruned_mask_ms": 1.1808056000000002,
  "mean_pruned_novelty_ms": 15.127767966666669,
  "mean_pruned_prompt_tokens": 2194.733333333333,
  "mean_pruned_prune_ms": 4.5803875666666665,
  "median_dense_end_to_end_ms": 24472.374750000003,
  "median_dense_generate_ms": 8521.031229,
  "median_pruned_end_to_end_ms": 23898.300417,
  "median_pruned_generate_ms": 8140.364896499999,
  "model_path": "/Users/jfb/models/gemma-4-e4b-it-4bit",
  "n_frames": 8,
  "n_items": 30,
  "per_token_generate_speedup_mean": 1.0915701539288947,
  "pruned_accuracy": 0.4666666666666667,
  "pruned_parse_failures": 1,
  "tokens_per_frame_baseline": 256,
  "vision_tower_keep_rate": 0.5,
  "vision_tower_layer": 2,
  "vision_tower_patched": true
}
