{
  "phase": "1.55A",
  "model": "qwen2.5-vl-3b-instruct-4bit",
  "frame_count": 40,
  "n_clips": 7,
  "n_queries_per_mode": 21,
  "total_wall_ms": 4220520.154208,
  "peak_rss_gb": 3.950051328,
  "sampling": {
    "temperature": 0.7,
    "top_p": 1.0,
    "min_p": 0.05,
    "seed": 42
  },
  "session": {
    "label": "session",
    "n": 21,
    "n_correct": 11,
    "accuracy": 0.5238095238095238,
    "mean_elapsed_ms": 49979.475989952385,
    "median_elapsed_ms": 721.11125,
    "p05_elapsed_ms": 542.813042,
    "p95_elapsed_ms": 156472.800083
  },
  "session_first_query": {
    "label": "session_first_query",
    "n": 7,
    "n_correct": 4,
    "accuracy": 0.5714285714285714,
    "mean_elapsed_ms": 148623.41916057144,
    "median_elapsed_ms": 153180.522458,
    "p05_elapsed_ms": 117555.341208,
    "p95_elapsed_ms": 156669.872417
  },
  "session_follow_up": {
    "label": "session_follow_up",
    "n": 14,
    "n_correct": 7,
    "accuracy": 0.5,
    "mean_elapsed_ms": 657.5044046428571,
    "median_elapsed_ms": 647.946708,
    "p05_elapsed_ms": 498.072958,
    "p95_elapsed_ms": 835.971791
  },
  "baseline": {
    "label": "baseline",
    "n": 21,
    "n_correct": 15,
    "accuracy": 0.7142857142857143,
    "mean_elapsed_ms": 148663.1005297619,
    "median_elapsed_ms": 152438.322,
    "p05_elapsed_ms": 120952.333667,
    "p95_elapsed_ms": 155706.995709
  },
  "speedup_first_over_follow": 236.4091376138298,
  "mean_follow_up_prefix_coverage": 0.9964013059454422,
  "accuracy_delta_session_minus_baseline": -0.19047619047619047,
  "verdicts": {
    "H1_follow_up_speedup": {
      "earn": true,
      "reject": false,
      "median_follow_up_s": 0.647946708,
      "speedup": 236.4091376138298
    },
    "H2_accuracy_preservation": {
      "earn": false,
      "reject": true,
      "delta": -0.19047619047619047
    },
    "H3_prefix_coverage": {
      "earn": true,
      "reject": false,
      "coverage": 0.9964013059454422
    },
    "H4_peak_rss": {
      "earn": true,
      "reject": false,
      "peak_rss_gb": 3.950051328
    }
  }
}
