{
  "all": {
    "accuracy_delta_sparse_minus_dense": -0.016666666666666607,
    "accuracy_delta_sparse_minus_dense_ci95": [
      -0.09999999999999998,
      0.06666666666666665
    ],
    "actual_e2e_speedup_dense_over_sparse": 1.1618969877270875,
    "actual_minus_predicted_e2e_speedup": 0.12107499098664132,
    "choice_agreement": 0.85,
    "dense_accuracy": 0.6333333333333333,
    "dense_parse_failures": 0,
    "mean_dense_decode_ms": 60352.550845766666,
    "mean_dense_end_to_end_ms": 142765.81430736664,
    "mean_dense_generate_ms": 60990.47661378333,
    "mean_dense_processor_ms": 154.38683053333335,
    "mean_dense_vision_ms": 21268.400017283333,
    "mean_keep_rate": 0.8125,
    "mean_sparse_decode_ms": 56120.4462882,
    "mean_sparse_end_to_end_ms": 122873.03936181667,
    "mean_sparse_generate_ms": 50949.538779899995,
    "mean_sparse_processor_ms": 134.06092286666666,
    "mean_sparse_vision_ms": 15668.99337085,
    "n": 60,
    "predicted_e2e_speedup_from_vision_only": 1.0408219967404462,
    "sparse_accuracy": 0.6166666666666667,
    "sparse_parse_failures": 1,
    "vision_reduction": 0.2632735251303854,
    "vision_share_dense": 0.14897403920166546,
    "vision_speedup_dense_over_sparse": 1.357355862875675
  },
  "by_group": {
    "long": {
      "accuracy_delta_sparse_minus_dense": 0.050000000000000044,
      "accuracy_delta_sparse_minus_dense_ci95": [
        0.0,
        0.15000000000000002
      ],
      "actual_e2e_speedup_dense_over_sparse": 1.1296600642118964,
      "actual_minus_predicted_e2e_speedup": 0.1009466469320559,
      "choice_agreement": 0.85,
      "dense_accuracy": 0.5,
      "dense_parse_failures": 0,
      "mean_dense_decode_ms": 151490.89208750002,
      "mean_dense_end_to_end_ms": 239415.02315179998,
      "mean_dense_generate_ms": 67424.60037495001,
      "mean_dense_processor_ms": 165.14216455000002,
      "mean_dense_vision_ms": 20334.3885248,
      "mean_keep_rate": 0.8125,
      "mean_sparse_decode_ms": 143686.84296455,
      "mean_sparse_end_to_end_ms": 211935.45805199997,
      "mean_sparse_generate_ms": 54455.30976665,
      "mean_sparse_processor_ms": 141.46156245,
      "mean_sparse_vision_ms": 13651.84375835,
      "n": 20,
      "predicted_e2e_speedup_from_vision_only": 1.0287134172798404,
      "sparse_accuracy": 0.55,
      "sparse_parse_failures": 0,
      "vision_reduction": 0.3286326883299151,
      "vision_share_dense": 0.08493363639886155,
      "vision_speedup_dense_over_sparse": 1.4894976008176695
    },
    "medium": {
      "accuracy_delta_sparse_minus_dense": -0.09999999999999998,
      "accuracy_delta_sparse_minus_dense_ci95": [
        -0.3,
        0.09999999999999998
      ],
      "actual_e2e_speedup_dense_over_sparse": 1.2535162734090364,
      "actual_minus_predicted_e2e_speedup": 0.20088322766800837,
      "choice_agreement": 0.8,
      "dense_accuracy": 0.7,
      "dense_parse_failures": 0,
      "mean_dense_decode_ms": 24273.9583417,
      "mean_dense_end_to_end_ms": 103250.84683105,
      "mean_dense_generate_ms": 57831.3563311,
      "mean_dense_processor_ms": 152.74638950000002,
      "mean_dense_vision_ms": 20992.78576875,
      "mean_keep_rate": 0.8125,
      "mean_sparse_decode_ms": 20079.71367705,
      "mean_sparse_end_to_end_ms": 82368.97200405,
      "mean_sparse_generate_ms": 46337.4916812,
      "mean_sparse_processor_ms": 121.65989995,
      "mean_sparse_vision_ms": 15830.10674585,
      "n": 20,
      "predicted_e2e_speedup_from_vision_only": 1.052633045741028,
      "sparse_accuracy": 0.6,
      "sparse_parse_failures": 1,
      "vision_reduction": 0.24592634249548706,
      "vision_share_dense": 0.2033182914528597,
      "vision_speedup_dense_over_sparse": 1.3261303985997088
    },
    "short": {
      "accuracy_delta_sparse_minus_dense": 0.0,
      "accuracy_delta_sparse_minus_dense_ci95": [
        -0.15000000000000002,
        0.15000000000000002
      ],
      "actual_e2e_speedup_dense_over_sparse": 1.1522832862512034,
      "actual_minus_predicted_e2e_speedup": 0.09089157178299656,
      "choice_agreement": 0.9,
      "dense_accuracy": 0.7,
      "dense_parse_failures": 0,
      "mean_dense_decode_ms": 5292.8021081,
      "mean_dense_end_to_end_ms": 85631.57293925,
      "mean_dense_generate_ms": 57715.4731353,
      "mean_dense_processor_ms": 145.27193755000002,
      "mean_dense_vision_ms": 22478.0257583,
      "mean_keep_rate": 0.8125,
      "mean_sparse_decode_ms": 4594.782223,
      "mean_sparse_end_to_end_ms": 74314.6880294,
      "mean_sparse_generate_ms": 52055.81489185,
      "mean_sparse_processor_ms": 139.0613062,
      "mean_sparse_vision_ms": 17525.02960835,
      "n": 20,
      "predicted_e2e_speedup_from_vision_only": 1.0613917144682068,
      "sparse_accuracy": 0.7,
      "sparse_parse_failures": 0,
      "vision_reduction": 0.22034836169369143,
      "vision_share_dense": 0.26249693876634367,
      "vision_speedup_dense_over_sparse": 1.282624124503053
    }
  },
  "dense_jsonl": "research/experiments/2026/artifacts/phase1_63E_track_b_frame_scaling/dense_16f.jsonl",
  "dense_manifest": "research/benchmark_manifests/videomme_combined_v1_n60.toml",
  "dense_summary": "research/experiments/2026/artifacts/phase1_63E_track_b_frame_scaling/dense_16f_summary.json",
  "frame_count": 16,
  "n_paired_items": 60,
  "pass_ceiling_explained": false,
  "pass_complete_pairing": true,
  "pass_e2e_positive": true,
  "pass_fidelity": true,
  "pass_format": false,
  "pass_sparse_vision": true,
  "sparse_execution_scope": "Qwen compact post-layer vision execution: dense patch embed and early vision blocks through L, compact execution for remaining vision blocks, scatter before merger so LLM prompt geometry is unchanged.",
  "sparse_jsonl": "research/experiments/2026/artifacts/phase1_63I_16f_kr_fine_bracket/sparse_L2_kr080_16f.jsonl",
  "sparse_manifest": "research/benchmark_manifests/videomme_combined_v1_n60.toml",
  "sparse_summary": "research/experiments/2026/artifacts/phase1_63I_16f_kr_fine_bracket/sparse_L2_kr080_16f_summary.json",
  "vision_tower_keep_rate": 0.8,
  "vision_tower_layer": 2
}
