{
  "all": {
    "accuracy_delta_sparse_minus_dense": -0.09999999999999998,
    "accuracy_delta_sparse_minus_dense_ci95": [
      -0.21666666666666662,
      0.016666666666666607
    ],
    "actual_e2e_speedup_dense_over_sparse": 1.247050667422639,
    "actual_minus_predicted_e2e_speedup": 0.19152725847128016,
    "choice_agreement": 0.75,
    "dense_accuracy": 0.6333333333333333,
    "dense_parse_failures": 0,
    "mean_dense_decode_ms": 60352.550845766666,
    "mean_dense_end_to_end_ms": 142765.81430736664,
    "mean_dense_generate_ms": 60990.47661378333,
    "mean_dense_processor_ms": 154.38683053333335,
    "mean_dense_vision_ms": 21268.400017283333,
    "mean_keep_rate": 0.75,
    "mean_sparse_decode_ms": 54785.67491108333,
    "mean_sparse_end_to_end_ms": 114482.76965556666,
    "mean_sparse_generate_ms": 45808.76466113333,
    "mean_sparse_processor_ms": 129.80111661666666,
    "mean_sparse_vision_ms": 13758.528966733335,
    "n": 60,
    "predicted_e2e_speedup_from_vision_only": 1.0555234089513588,
    "sparse_accuracy": 0.5333333333333333,
    "sparse_parse_failures": 0,
    "vision_reduction": 0.3530999531909902,
    "vision_share_dense": 0.14897403920166546,
    "vision_speedup_dense_over_sparse": 1.5458338655758963
  },
  "by_group": {
    "long": {
      "accuracy_delta_sparse_minus_dense": 0.0,
      "accuracy_delta_sparse_minus_dense_ci95": [
        -0.2,
        0.2
      ],
      "actual_e2e_speedup_dense_over_sparse": 1.2571240540116222,
      "actual_minus_predicted_e2e_speedup": 0.21818684879074146,
      "choice_agreement": 0.7,
      "dense_accuracy": 0.5,
      "dense_parse_failures": 0,
      "mean_dense_decode_ms": 151490.89208750002,
      "mean_dense_end_to_end_ms": 239415.02315179998,
      "mean_dense_generate_ms": 67424.60037495001,
      "mean_dense_processor_ms": 165.14216455000002,
      "mean_dense_vision_ms": 20334.3885248,
      "mean_keep_rate": 0.75,
      "mean_sparse_decode_ms": 137794.57281460002,
      "mean_sparse_end_to_end_ms": 190446.61693315,
      "mean_sparse_generate_ms": 41165.6745103,
      "mean_sparse_processor_ms": 124.7581123,
      "mean_sparse_vision_ms": 11361.611495950001,
      "n": 20,
      "predicted_e2e_speedup_from_vision_only": 1.0389372052208807,
      "sparse_accuracy": 0.5,
      "sparse_parse_failures": 0,
      "vision_reduction": 0.441261217071107,
      "vision_share_dense": 0.08493363639886155,
      "vision_speedup_dense_over_sparse": 1.7897451019204862
    },
    "medium": {
      "accuracy_delta_sparse_minus_dense": -0.19999999999999996,
      "accuracy_delta_sparse_minus_dense_ci95": [
        -0.39999999999999997,
        -0.04999999999999993
      ],
      "actual_e2e_speedup_dense_over_sparse": 1.2494140006491263,
      "actual_minus_predicted_e2e_speedup": 0.1808955188477006,
      "choice_agreement": 0.75,
      "dense_accuracy": 0.7,
      "dense_parse_failures": 0,
      "mean_dense_decode_ms": 24273.9583417,
      "mean_dense_end_to_end_ms": 103250.84683105,
      "mean_dense_generate_ms": 57831.3563311,
      "mean_dense_processor_ms": 152.74638950000002,
      "mean_dense_vision_ms": 20992.78576875,
      "mean_keep_rate": 0.75,
      "mean_sparse_decode_ms": 21807.5562479,
      "mean_sparse_end_to_end_ms": 82639.41878145,
      "mean_sparse_generate_ms": 46329.1967439,
      "mean_sparse_processor_ms": 130.81488545,
      "mean_sparse_vision_ms": 14371.850904199999,
      "n": 20,
      "predicted_e2e_speedup_from_vision_only": 1.0685184818014257,
      "sparse_accuracy": 0.5,
      "sparse_parse_failures": 0,
      "vision_reduction": 0.3153909603748717,
      "vision_share_dense": 0.2033182914528597,
      "vision_speedup_dense_over_sparse": 1.4606876949033136
    },
    "short": {
      "accuracy_delta_sparse_minus_dense": -0.09999999999999998,
      "accuracy_delta_sparse_minus_dense_ci95": [
        -0.3,
        0.09999999999999998
      ],
      "actual_e2e_speedup_dense_over_sparse": 1.2170097551061467,
      "actual_minus_predicted_e2e_speedup": 0.12887401510807783,
      "choice_agreement": 0.8,
      "dense_accuracy": 0.7,
      "dense_parse_failures": 0,
      "mean_dense_decode_ms": 5292.8021081,
      "mean_dense_end_to_end_ms": 85631.57293925,
      "mean_dense_generate_ms": 57715.4731353,
      "mean_dense_processor_ms": 145.27193755000002,
      "mean_dense_vision_ms": 22478.0257583,
      "mean_keep_rate": 0.75,
      "mean_sparse_decode_ms": 4754.89567075,
      "mean_sparse_end_to_end_ms": 70362.2732521,
      "mean_sparse_generate_ms": 49931.4227292,
      "mean_sparse_processor_ms": 133.8303521,
      "mean_sparse_vision_ms": 15542.12450005,
      "n": 20,
      "predicted_e2e_speedup_from_vision_only": 1.088135739998069,
      "sparse_accuracy": 0.6,
      "sparse_parse_failures": 0,
      "vision_reduction": 0.3085636315586533,
      "vision_share_dense": 0.26249693876634367,
      "vision_speedup_dense_over_sparse": 1.4462646826839978
    }
  },
  "dense_jsonl": "research/experiments/2026/artifacts/phase1_63E_track_b_frame_scaling/dense_16f.jsonl",
  "dense_manifest": "research/benchmark_manifests/videomme_combined_v1_n60.toml",
  "dense_summary": "research/experiments/2026/artifacts/phase1_63E_track_b_frame_scaling/dense_16f_summary.json",
  "frame_count": 16,
  "n_paired_items": 60,
  "pass_ceiling_explained": false,
  "pass_complete_pairing": true,
  "pass_e2e_positive": true,
  "pass_fidelity": false,
  "pass_format": true,
  "pass_sparse_vision": true,
  "sparse_execution_scope": "Qwen compact post-layer vision execution: dense patch embed and early vision blocks through L, compact execution for remaining vision blocks, scatter before merger so LLM prompt geometry is unchanged.",
  "sparse_jsonl": "research/experiments/2026/artifacts/phase1_63I_16f_kr_fine_bracket/sparse_L2_kr078_16f.jsonl",
  "sparse_manifest": "research/benchmark_manifests/videomme_combined_v1_n60.toml",
  "sparse_summary": "research/experiments/2026/artifacts/phase1_63I_16f_kr_fine_bracket/sparse_L2_kr078_16f_summary.json",
  "vision_tower_keep_rate": 0.78,
  "vision_tower_layer": 2
}
