{
  "all": {
    "accuracy_delta_sparse_minus_dense": -0.016666666666666607,
    "accuracy_delta_sparse_minus_dense_ci95": [
      -0.09999999999999998,
      0.06666666666666665
    ],
    "actual_e2e_speedup_dense_over_sparse": 1.2398626648499438,
    "actual_minus_predicted_e2e_speedup": 0.19692296185409153,
    "choice_agreement": 0.85,
    "dense_accuracy": 0.6333333333333333,
    "dense_parse_failures": 0,
    "mean_dense_decode_ms": 60352.550845766666,
    "mean_dense_end_to_end_ms": 142765.81430736664,
    "mean_dense_generate_ms": 60990.47661378333,
    "mean_dense_processor_ms": 154.38683053333335,
    "mean_dense_vision_ms": 21268.400017283333,
    "mean_keep_rate": 0.8125,
    "mean_sparse_decode_ms": 52962.26587838333,
    "mean_sparse_end_to_end_ms": 115146.47416586666,
    "mean_sparse_generate_ms": 46666.92946103333,
    "mean_sparse_processor_ms": 126.80410696666667,
    "mean_sparse_vision_ms": 15390.474719483334,
    "n": 60,
    "predicted_e2e_speedup_from_vision_only": 1.0429397029958523,
    "sparse_accuracy": 0.6166666666666667,
    "sparse_parse_failures": 1,
    "vision_reduction": 0.27636894609013485,
    "vision_share_dense": 0.14897403920166546,
    "vision_speedup_dense_over_sparse": 1.381919687659727
  },
  "by_group": {
    "long": {
      "accuracy_delta_sparse_minus_dense": 0.050000000000000044,
      "accuracy_delta_sparse_minus_dense_ci95": [
        0.0,
        0.15000000000000002
      ],
      "actual_e2e_speedup_dense_over_sparse": 1.2933900754386325,
      "actual_minus_predicted_e2e_speedup": 0.2558362672323169,
      "choice_agreement": 0.85,
      "dense_accuracy": 0.5,
      "dense_parse_failures": 0,
      "mean_dense_decode_ms": 151490.89208750002,
      "mean_dense_end_to_end_ms": 239415.02315179998,
      "mean_dense_generate_ms": 67424.60037495001,
      "mean_dense_processor_ms": 165.14216455000002,
      "mean_dense_vision_ms": 20334.3885248,
      "mean_keep_rate": 0.8125,
      "mean_sparse_decode_ms": 133054.71431665,
      "mean_sparse_end_to_end_ms": 185106.5874853,
      "mean_sparse_generate_ms": 40266.106308300004,
      "mean_sparse_processor_ms": 116.90082705,
      "mean_sparse_vision_ms": 11668.866033299999,
      "n": 20,
      "predicted_e2e_speedup_from_vision_only": 1.0375538082063156,
      "sparse_accuracy": 0.55,
      "sparse_parse_failures": 0,
      "vision_reduction": 0.4261511223183059,
      "vision_share_dense": 0.08493363639886155,
      "vision_speedup_dense_over_sparse": 1.7426190742760082
    },
    "medium": {
      "accuracy_delta_sparse_minus_dense": -0.09999999999999998,
      "accuracy_delta_sparse_minus_dense_ci95": [
        -0.3,
        0.09999999999999998
      ],
      "actual_e2e_speedup_dense_over_sparse": 1.095790230964336,
      "actual_minus_predicted_e2e_speedup": 0.07465559968915181,
      "choice_agreement": 0.8,
      "dense_accuracy": 0.7,
      "dense_parse_failures": 0,
      "mean_dense_decode_ms": 24273.9583417,
      "mean_dense_end_to_end_ms": 103250.84683105,
      "mean_dense_generate_ms": 57831.3563311,
      "mean_dense_processor_ms": 152.74638950000002,
      "mean_dense_vision_ms": 20992.78576875,
      "mean_keep_rate": 0.8125,
      "mean_sparse_decode_ms": 21558.923176999997,
      "mean_sparse_end_to_end_ms": 94225.0112416,
      "mean_sparse_generate_ms": 53663.9250478,
      "mean_sparse_processor_ms": 146.38103755,
      "mean_sparse_vision_ms": 18855.78197925,
      "n": 20,
      "predicted_e2e_speedup_from_vision_only": 1.0211346312751841,
      "sparse_accuracy": 0.6,
      "sparse_parse_failures": 1,
      "vision_reduction": 0.10179705604775713,
      "vision_share_dense": 0.2033182914528597,
      "vision_speedup_dense_over_sparse": 1.113334137605732
    },
    "short": {
      "accuracy_delta_sparse_minus_dense": 0.0,
      "accuracy_delta_sparse_minus_dense_ci95": [
        -0.15000000000000002,
        0.15000000000000002
      ],
      "actual_e2e_speedup_dense_over_sparse": 1.2953318995383907,
      "actual_minus_predicted_e2e_speedup": 0.20864127031260482,
      "choice_agreement": 0.9,
      "dense_accuracy": 0.7,
      "dense_parse_failures": 0,
      "mean_dense_decode_ms": 5292.8021081,
      "mean_dense_end_to_end_ms": 85631.57293925,
      "mean_dense_generate_ms": 57715.4731353,
      "mean_dense_processor_ms": 145.27193755000002,
      "mean_dense_vision_ms": 22478.0257583,
      "mean_keep_rate": 0.8125,
      "mean_sparse_decode_ms": 4273.1601415,
      "mean_sparse_end_to_end_ms": 66107.8237707,
      "mean_sparse_generate_ms": 46070.757027,
      "mean_sparse_processor_ms": 117.13045629999999,
      "mean_sparse_vision_ms": 15646.7761459,
      "n": 20,
      "predicted_e2e_speedup_from_vision_only": 1.0866906292257859,
      "sparse_accuracy": 0.7,
      "sparse_parse_failures": 0,
      "vision_reduction": 0.30390790035808923,
      "vision_share_dense": 0.26249693876634367,
      "vision_speedup_dense_over_sparse": 1.4365915092477388
    }
  },
  "dense_jsonl": "research/experiments/2026/artifacts/phase1_63E_track_b_frame_scaling/dense_16f.jsonl",
  "dense_manifest": "research/benchmark_manifests/videomme_combined_v1_n60.toml",
  "dense_summary": "research/experiments/2026/artifacts/phase1_63E_track_b_frame_scaling/dense_16f_summary.json",
  "frame_count": 16,
  "n_paired_items": 60,
  "pass_ceiling_explained": false,
  "pass_complete_pairing": true,
  "pass_e2e_positive": true,
  "pass_fidelity": true,
  "pass_format": false,
  "pass_sparse_vision": true,
  "sparse_execution_scope": "Qwen compact post-layer vision execution: dense patch embed and early vision blocks through L, compact execution for remaining vision blocks, scatter before merger so LLM prompt geometry is unchanged.",
  "sparse_jsonl": "research/experiments/2026/artifacts/phase1_63I_16f_kr_fine_bracket/sparse_L2_kr082_16f.jsonl",
  "sparse_manifest": "research/benchmark_manifests/videomme_combined_v1_n60.toml",
  "sparse_summary": "research/experiments/2026/artifacts/phase1_63I_16f_kr_fine_bracket/sparse_L2_kr082_16f_summary.json",
  "vision_tower_keep_rate": 0.82,
  "vision_tower_layer": 2
}
