{
  "dense_accuracy": 0.5333333333333333,
  "dense_parse_failures": 0,
  "final_rss_mb": 1276.578125,
  "frame_count": 16,
  "manifest": "research/benchmark_manifests/videomme_combined_v1_n60.toml",
  "max_tokens": 32,
  "mean_decode_ms": 54785.67491108333,
  "mean_dense_end_to_end_ms": 114482.76965556666,
  "mean_dense_generate_ms": 45808.764661133326,
  "mean_dense_generation_tokens": 2.683333333333333,
  "mean_dense_generation_tps": 35.82996721524402,
  "mean_dense_prompt_tokens": 6506.416666666667,
  "mean_dense_prompt_tps": 147.58286635839875,
  "mean_dense_vision_ms": 13758.528966733335,
  "mean_effective_keep_rate": 0.75,
  "mean_kept_groups": 4800.0,
  "mean_peak_memory_gb": 7.131306652233334,
  "mean_processor_ms": 129.8011166166667,
  "mean_total_groups": 6400.0,
  "median_dense_end_to_end_ms": 76490.75039649999,
  "median_dense_generate_ms": 46708.156584,
  "model_path": "/Users/jfb/models/Qwen2.5-VL-7B-Instruct-4bit",
  "n_frames": 16,
  "n_items": 60,
  "rss_guard_mb": 12000,
  "vision_tower_keep_rate": 0.78,
  "vision_tower_layer": 2,
  "vision_tower_patched": true
}
