{
  "dense_accuracy": 0.6166666666666667,
  "dense_parse_failures": 1,
  "final_rss_mb": 4236.296875,
  "frame_count": 16,
  "manifest": "research/benchmark_manifests/videomme_combined_v1_n60.toml",
  "max_tokens": 32,
  "mean_decode_ms": 56120.4462882,
  "mean_dense_end_to_end_ms": 122873.03936181667,
  "mean_dense_generate_ms": 50949.538779899995,
  "mean_dense_generation_tokens": 1.9833333333333334,
  "mean_dense_generation_tps": 841.6231460036228,
  "mean_dense_prompt_tokens": 6506.416666666667,
  "mean_dense_prompt_tps": 134.6024590094069,
  "mean_dense_vision_ms": 15668.99337085,
  "mean_effective_keep_rate": 0.8125,
  "mean_kept_groups": 5200.0,
  "mean_peak_memory_gb": 7.131306652233334,
  "mean_processor_ms": 134.0609228666667,
  "mean_total_groups": 6400.0,
  "median_dense_end_to_end_ms": 86099.05704100001,
  "median_dense_generate_ms": 47824.550584,
  "model_path": "/Users/jfb/models/Qwen2.5-VL-7B-Instruct-4bit",
  "n_frames": 16,
  "n_items": 60,
  "rss_guard_mb": 12000,
  "vision_tower_keep_rate": 0.8,
  "vision_tower_layer": 2,
  "vision_tower_patched": true
}
