{
  "dense_accuracy": 0.6166666666666667,
  "dense_parse_failures": 1,
  "final_rss_mb": 5973.921875,
  "frame_count": 16,
  "manifest": "research/benchmark_manifests/videomme_combined_v1_n60.toml",
  "max_tokens": 32,
  "mean_decode_ms": 52962.26587838334,
  "mean_dense_end_to_end_ms": 115146.47416586666,
  "mean_dense_generate_ms": 46666.92946103333,
  "mean_dense_generation_tokens": 1.9833333333333334,
  "mean_dense_generation_tps": 193.94368872509193,
  "mean_dense_prompt_tokens": 6506.416666666667,
  "mean_dense_prompt_tps": 145.02309224351308,
  "mean_dense_vision_ms": 15390.474719483334,
  "mean_effective_keep_rate": 0.8125,
  "mean_kept_groups": 5200.0,
  "mean_peak_memory_gb": 7.131306652233334,
  "mean_processor_ms": 126.80410696666668,
  "mean_total_groups": 6400.0,
  "median_dense_end_to_end_ms": 88906.1640415,
  "median_dense_generate_ms": 45532.1186875,
  "model_path": "/Users/jfb/models/Qwen2.5-VL-7B-Instruct-4bit",
  "n_frames": 16,
  "n_items": 60,
  "rss_guard_mb": 12000,
  "vision_tower_keep_rate": 0.82,
  "vision_tower_layer": 2,
  "vision_tower_patched": true
}
