{
  "all": {
    "accuracy_delta_sparse_minus_dense": -0.08333333333333337,
    "accuracy_delta_sparse_minus_dense_ci95": [
      -0.16666666666666669,
      0.0
    ],
    "actual_e2e_speedup_dense_over_sparse": 0.9978196149057904,
    "actual_minus_predicted_e2e_speedup": -0.01968528222033583,
    "choice_agreement": 0.8333333333333334,
    "dense_accuracy": 0.6166666666666667,
    "dense_parse_failures": 0,
    "mean_dense_decode_ms": 53905.16606455,
    "mean_dense_end_to_end_ms": 83880.49630975,
    "mean_dense_generate_ms": 21540.231544433333,
    "mean_dense_processor_ms": 59.95272991666666,
    "mean_dense_vision_ms": 8375.14597085,
    "mean_keep_rate": 0.75,
    "mean_sparse_decode_ms": 54290.20993815,
    "mean_sparse_end_to_end_ms": 84063.7877395,
    "mean_sparse_generate_ms": 22776.4547868,
    "mean_sparse_processor_ms": 65.03590556666667,
    "mean_sparse_vision_ms": 6932.087108983334,
    "n": 60,
    "predicted_e2e_speedup_from_vision_only": 1.0175048971261262,
    "sparse_accuracy": 0.5333333333333333,
    "sparse_parse_failures": 0,
    "vision_reduction": 0.1723025326232266,
    "vision_share_dense": 0.09984616614478115,
    "vision_speedup_dense_over_sparse": 1.2081709071423234
  },
  "by_group": {
    "long": {
      "accuracy_delta_sparse_minus_dense": -0.10000000000000003,
      "accuracy_delta_sparse_minus_dense_ci95": [
        -0.25,
        0.0
      ],
      "actual_e2e_speedup_dense_over_sparse": 0.997470668669239,
      "actual_minus_predicted_e2e_speedup": -0.00955205030249151,
      "choice_agreement": 0.85,
      "dense_accuracy": 0.55,
      "dense_parse_failures": 0,
      "mean_dense_decode_ms": 135570.25430815,
      "mean_dense_end_to_end_ms": 161350.12056455,
      "mean_dense_generate_ms": 18764.22995005,
      "mean_dense_processor_ms": 66.42287515000001,
      "mean_dense_vision_ms": 6949.2134312,
      "mean_keep_rate": 0.75,
      "mean_sparse_decode_ms": 136768.26541875,
      "mean_sparse_end_to_end_ms": 161759.26333734998,
      "mean_sparse_generate_ms": 19101.84986455,
      "mean_sparse_processor_ms": 65.14911049999999,
      "mean_sparse_vision_ms": 5823.99894355,
      "n": 20,
      "predicted_e2e_speedup_from_vision_only": 1.0070227189717305,
      "sparse_accuracy": 0.45,
      "sparse_parse_failures": 0,
      "vision_reduction": 0.16191969044987242,
      "vision_share_dense": 0.04306915549170529,
      "vision_speedup_dense_over_sparse": 1.1932030720740703
    },
    "medium": {
      "accuracy_delta_sparse_minus_dense": 0.0,
      "accuracy_delta_sparse_minus_dense_ci95": [
        -0.15,
        0.15000000000000002
      ],
      "actual_e2e_speedup_dense_over_sparse": 0.9582463271224549,
      "actual_minus_predicted_e2e_speedup": -0.06169445940988216,
      "choice_agreement": 0.8,
      "dense_accuracy": 0.5,
      "dense_parse_failures": 0,
      "mean_dense_decode_ms": 21508.1110959,
      "mean_dense_end_to_end_ms": 53007.30456895001,
      "mean_dense_generate_ms": 22578.354760399998,
      "mean_dense_processor_ms": 57.075262550000005,
      "mean_dense_vision_ms": 8863.7634501,
      "mean_keep_rate": 0.75,
      "mean_sparse_decode_ms": 21449.0562832,
      "mean_sparse_end_to_end_ms": 55316.99216435,
      "mean_sparse_generate_ms": 25971.3461499,
      "mean_sparse_processor_ms": 69.16815414999999,
      "mean_sparse_vision_ms": 7827.4215771,
      "n": 20,
      "predicted_e2e_speedup_from_vision_only": 1.019940786532337,
      "sparse_accuracy": 0.5,
      "sparse_parse_failures": 0,
      "vision_reduction": 0.11691894519007129,
      "vision_share_dense": 0.1672177735159186,
      "vision_speedup_dense_over_sparse": 1.1323988829261393
    },
    "short": {
      "accuracy_delta_sparse_minus_dense": -0.15000000000000002,
      "accuracy_delta_sparse_minus_dense_ci95": [
        -0.30000000000000004,
        0.0
      ],
      "actual_e2e_speedup_dense_over_sparse": 1.0617670347601502,
      "actual_minus_predicted_e2e_speedup": 4.039035836855831e-05,
      "choice_agreement": 0.85,
      "dense_accuracy": 0.8,
      "dense_parse_failures": 0,
      "mean_dense_decode_ms": 4637.1327896,
      "mean_dense_end_to_end_ms": 37284.06379575,
      "mean_dense_generate_ms": 23278.109922850002,
      "mean_dense_processor_ms": 56.36005205,
      "mean_dense_vision_ms": 9312.461031249999,
      "mean_keep_rate": 0.75,
      "mean_sparse_decode_ms": 4653.3081125,
      "mean_sparse_end_to_end_ms": 35115.1077168,
      "mean_sparse_generate_ms": 23256.16834595,
      "mean_sparse_processor_ms": 60.79045205,
      "mean_sparse_vision_ms": 7144.8408063,
      "n": 20,
      "predicted_e2e_speedup_from_vision_only": 1.0617266444017817,
      "sparse_accuracy": 0.65,
      "sparse_parse_failures": 0,
      "vision_reduction": 0.2327655619364286,
      "vision_share_dense": 0.24977054760622752,
      "vision_speedup_dense_over_sparse": 1.3033825782428476
    }
  },
  "dense_jsonl": "research/experiments/2026/artifacts/phase1_63E_track_b_frame_scaling/dense_8f.jsonl",
  "dense_manifest": "research/benchmark_manifests/videomme_combined_v1_n60.toml",
  "dense_summary": "research/experiments/2026/artifacts/phase1_63E_track_b_frame_scaling/dense_8f_summary.json",
  "frame_count": 8,
  "n_paired_items": 60,
  "pass_ceiling_explained": true,
  "pass_complete_pairing": true,
  "pass_e2e_positive": false,
  "pass_fidelity": false,
  "pass_format": true,
  "pass_sparse_vision": false,
  "sparse_execution_scope": "Qwen compact post-layer vision execution: dense patch embed and early vision blocks through L, compact execution for remaining vision blocks, scatter before merger so LLM prompt geometry is unchanged.",
  "sparse_jsonl": "research/experiments/2026/artifacts/phase1_63J_qwen_8f_kr_sweep/sparse_L2_kr075_8f.jsonl",
  "sparse_manifest": "research/benchmark_manifests/videomme_combined_v1_n60.toml",
  "sparse_summary": "research/experiments/2026/artifacts/phase1_63J_qwen_8f_kr_sweep/sparse_L2_kr075_8f_summary.json",
  "vision_tower_keep_rate": 0.75,
  "vision_tower_layer": 2
}
