{
  "all": {
    "accuracy_delta_sparse_minus_dense": -0.21666666666666667,
    "accuracy_delta_sparse_minus_dense_ci95": [
      -0.35000000000000003,
      -0.08333333333333337
    ],
    "actual_e2e_speedup_dense_over_sparse": 1.0692235498457652,
    "actual_minus_predicted_e2e_speedup": 3.95557035173244e-05,
    "choice_agreement": 0.5833333333333334,
    "dense_accuracy": 0.6166666666666667,
    "dense_parse_failures": 0,
    "mean_dense_decode_ms": 53905.16606455,
    "mean_dense_end_to_end_ms": 83880.49630975,
    "mean_dense_generate_ms": 21540.231544433333,
    "mean_dense_processor_ms": 59.95272991666666,
    "mean_dense_vision_ms": 8375.14597085,
    "mean_keep_rate": 0.25,
    "mean_sparse_decode_ms": 53620.472782716664,
    "mean_sparse_end_to_end_ms": 78449.91472723334,
    "mean_sparse_generate_ms": 21819.224659083335,
    "mean_sparse_processor_ms": 62.7505514,
    "mean_sparse_vision_ms": 2947.4667340333335,
    "n": 60,
    "predicted_e2e_speedup_from_vision_only": 1.0691839941422479,
    "sparse_accuracy": 0.4,
    "sparse_parse_failures": 2,
    "vision_reduction": 0.6480698074645984,
    "vision_share_dense": 0.09984616614478115,
    "vision_speedup_dense_over_sparse": 2.8414726022673014
  },
  "by_group": {
    "long": {
      "accuracy_delta_sparse_minus_dense": -0.30000000000000004,
      "accuracy_delta_sparse_minus_dense_ci95": [
        -0.55,
        -0.050000000000000044
      ],
      "actual_e2e_speedup_dense_over_sparse": 1.0285501713668017,
      "actual_minus_predicted_e2e_speedup": 0.0010079930464124143,
      "choice_agreement": 0.45,
      "dense_accuracy": 0.55,
      "dense_parse_failures": 0,
      "mean_dense_decode_ms": 135570.25430815,
      "mean_dense_end_to_end_ms": 161350.12056455,
      "mean_dense_generate_ms": 18764.22995005,
      "mean_dense_processor_ms": 66.42287515000001,
      "mean_dense_vision_ms": 6949.2134312,
      "mean_keep_rate": 0.25,
      "mean_sparse_decode_ms": 135563.09950419998,
      "mean_sparse_end_to_end_ms": 156871.41478975,
      "mean_sparse_generate_ms": 18618.58810845,
      "mean_sparse_processor_ms": 65.33260625,
      "mean_sparse_vision_ms": 2624.39457085,
      "n": 20,
      "predicted_e2e_speedup_from_vision_only": 1.0275421783203893,
      "sparse_accuracy": 0.25,
      "sparse_parse_failures": 1,
      "vision_reduction": 0.6223465293111863,
      "vision_share_dense": 0.04306915549170529,
      "vision_speedup_dense_over_sparse": 2.647930120107381
    },
    "medium": {
      "accuracy_delta_sparse_minus_dense": -0.09999999999999998,
      "accuracy_delta_sparse_minus_dense_ci95": [
        -0.3,
        0.09999999999999998
      ],
      "actual_e2e_speedup_dense_over_sparse": 1.1822719109962048,
      "actual_minus_predicted_e2e_speedup": 0.054608169020589514,
      "choice_agreement": 0.7,
      "dense_accuracy": 0.5,
      "dense_parse_failures": 0,
      "mean_dense_decode_ms": 21508.1110959,
      "mean_dense_end_to_end_ms": 53007.30456895001,
      "mean_dense_generate_ms": 22578.354760399998,
      "mean_dense_processor_ms": 57.075262550000005,
      "mean_dense_vision_ms": 8863.7634501,
      "mean_keep_rate": 0.25,
      "mean_sparse_decode_ms": 20449.4524897,
      "mean_sparse_end_to_end_ms": 44835.12132525,
      "mean_sparse_generate_ms": 21462.5831812,
      "mean_sparse_processor_ms": 60.32285845,
      "mean_sparse_vision_ms": 2862.7627959,
      "n": 20,
      "predicted_e2e_speedup_from_vision_only": 1.1276637419756153,
      "sparse_accuracy": 0.4,
      "sparse_parse_failures": 0,
      "vision_reduction": 0.6770262640675837,
      "vision_share_dense": 0.1672177735159186,
      "vision_speedup_dense_over_sparse": 3.0962269954026684
    },
    "short": {
      "accuracy_delta_sparse_minus_dense": -0.25,
      "accuracy_delta_sparse_minus_dense_ci95": [
        -0.5,
        0.0
      ],
      "actual_e2e_speedup_dense_over_sparse": 1.1082196359464815,
      "actual_minus_predicted_e2e_speedup": -0.08194372336501332,
      "choice_agreement": 0.6,
      "dense_accuracy": 0.8,
      "dense_parse_failures": 0,
      "mean_dense_decode_ms": 4637.1327896,
      "mean_dense_end_to_end_ms": 37284.06379575,
      "mean_dense_generate_ms": 23278.109922850002,
      "mean_dense_processor_ms": 56.36005205,
      "mean_dense_vision_ms": 9312.461031249999,
      "mean_keep_rate": 0.25,
      "mean_sparse_decode_ms": 4848.86635425,
      "mean_sparse_end_to_end_ms": 33643.2080667,
      "mean_sparse_generate_ms": 25376.502687599997,
      "mean_sparse_processor_ms": 62.5961895,
      "mean_sparse_vision_ms": 3355.24283535,
      "n": 20,
      "predicted_e2e_speedup_from_vision_only": 1.1901633593114949,
      "sparse_accuracy": 0.55,
      "sparse_parse_failures": 1,
      "vision_reduction": 0.6397039596632137,
      "vision_share_dense": 0.24977054760622752,
      "vision_speedup_dense_over_sparse": 2.775495392803238
    }
  },
  "dense_jsonl": "research/experiments/2026/artifacts/phase1_63E_track_b_frame_scaling/dense_8f.jsonl",
  "dense_manifest": "research/benchmark_manifests/videomme_combined_v1_n60.toml",
  "dense_summary": "research/experiments/2026/artifacts/phase1_63E_track_b_frame_scaling/dense_8f_summary.json",
  "frame_count": 8,
  "n_paired_items": 60,
  "pass_ceiling_explained": true,
  "pass_complete_pairing": true,
  "pass_e2e_positive": true,
  "pass_fidelity": false,
  "pass_format": false,
  "pass_sparse_vision": true,
  "sparse_execution_scope": "Qwen compact post-layer vision execution: dense patch embed and early vision blocks through L, compact execution for remaining vision blocks, scatter before merger so LLM prompt geometry is unchanged.",
  "sparse_jsonl": "research/experiments/2026/artifacts/phase1_63J_qwen_8f_kr_sweep/sparse_L2_kr025_8f.jsonl",
  "sparse_manifest": "research/benchmark_manifests/videomme_combined_v1_n60.toml",
  "sparse_summary": "research/experiments/2026/artifacts/phase1_63J_qwen_8f_kr_sweep/sparse_L2_kr025_8f_summary.json",
  "vision_tower_keep_rate": 0.25,
  "vision_tower_layer": 2
}
