{
  "all": {
    "accuracy_delta_sparse_minus_dense": -0.2833333333333333,
    "accuracy_delta_sparse_minus_dense_ci95": [
      -0.4166666666666667,
      -0.14999999999999997
    ],
    "actual_e2e_speedup_dense_over_sparse": 1.092680599405416,
    "actual_minus_predicted_e2e_speedup": 0.03581270047880669,
    "choice_agreement": 0.4666666666666667,
    "dense_accuracy": 0.6333333333333333,
    "dense_parse_failures": 0,
    "mean_dense_decode_ms": 60352.550845766666,
    "mean_dense_end_to_end_ms": 142765.81430736664,
    "mean_dense_generate_ms": 60990.47661378333,
    "mean_dense_processor_ms": 154.38683053333335,
    "mean_dense_vision_ms": 21268.400017283333,
    "mean_keep_rate": 0.625,
    "mean_sparse_decode_ms": 57583.723183949995,
    "mean_sparse_end_to_end_ms": 130656.49228608333,
    "mean_sparse_generate_ms": 59360.04977015,
    "mean_sparse_processor_ms": 126.2556347,
    "mean_sparse_vision_ms": 13586.463697283332,
    "n": 60,
    "predicted_e2e_speedup_from_vision_only": 1.0568678989266094,
    "sparse_accuracy": 0.35,
    "sparse_parse_failures": 11,
    "vision_reduction": 0.36119013718744386,
    "vision_share_dense": 0.14897403920166546,
    "vision_speedup_dense_over_sparse": 1.5654110216726986
  },
  "by_group": {
    "long": {
      "accuracy_delta_sparse_minus_dense": -0.2,
      "accuracy_delta_sparse_minus_dense_ci95": [
        -0.45,
        0.050000000000000044
      ],
      "actual_e2e_speedup_dense_over_sparse": 1.0872406365989074,
      "actual_minus_predicted_e2e_speedup": 0.046579603969368,
      "choice_agreement": 0.35,
      "dense_accuracy": 0.5,
      "dense_parse_failures": 0,
      "mean_dense_decode_ms": 151490.89208750002,
      "mean_dense_end_to_end_ms": 239415.02315179998,
      "mean_dense_generate_ms": 67424.60037495001,
      "mean_dense_processor_ms": 165.14216455000002,
      "mean_dense_vision_ms": 20334.3885248,
      "mean_keep_rate": 0.625,
      "mean_sparse_decode_ms": 142455.41434155,
      "mean_sparse_end_to_end_ms": 220204.26306059997,
      "mean_sparse_generate_ms": 66646.29270214999,
      "mean_sparse_processor_ms": 122.66599174999999,
      "mean_sparse_vision_ms": 10979.89002515,
      "n": 20,
      "predicted_e2e_speedup_from_vision_only": 1.0406610326295394,
      "sparse_accuracy": 0.3,
      "sparse_parse_failures": 7,
      "vision_reduction": 0.46003342998198204,
      "vision_share_dense": 0.08493363639886155,
      "vision_speedup_dense_over_sparse": 1.8519665022348168
    },
    "medium": {
      "accuracy_delta_sparse_minus_dense": -0.24999999999999994,
      "accuracy_delta_sparse_minus_dense_ci95": [
        -0.5,
        0.0
      ],
      "actual_e2e_speedup_dense_over_sparse": 1.099750479116658,
      "actual_minus_predicted_e2e_speedup": 0.030383950064529985,
      "choice_agreement": 0.45,
      "dense_accuracy": 0.7,
      "dense_parse_failures": 0,
      "mean_dense_decode_ms": 24273.9583417,
      "mean_dense_end_to_end_ms": 103250.84683105,
      "mean_dense_generate_ms": 57831.3563311,
      "mean_dense_processor_ms": 152.74638950000002,
      "mean_dense_vision_ms": 20992.78576875,
      "mean_keep_rate": 0.625,
      "mean_sparse_decode_ms": 24965.41691035,
      "mean_sparse_end_to_end_ms": 93885.70297690001,
      "mean_sparse_generate_ms": 54497.002029150004,
      "mean_sparse_processor_ms": 128.0642311,
      "mean_sparse_vision_ms": 14295.2198063,
      "n": 20,
      "predicted_e2e_speedup_from_vision_only": 1.069366529052128,
      "sparse_accuracy": 0.45,
      "sparse_parse_failures": 1,
      "vision_reduction": 0.3190413142985551,
      "vision_share_dense": 0.2033182914528597,
      "vision_speedup_dense_over_sparse": 1.4685178719321503
    },
    "short": {
      "accuracy_delta_sparse_minus_dense": -0.39999999999999997,
      "accuracy_delta_sparse_minus_dense_ci95": [
        -0.6000000000000001,
        -0.19999999999999996
      ],
      "actual_e2e_speedup_dense_over_sparse": 1.0995391732280189,
      "actual_minus_predicted_e2e_speedup": 0.010603038590016878,
      "choice_agreement": 0.6,
      "dense_accuracy": 0.7,
      "dense_parse_failures": 0,
      "mean_dense_decode_ms": 5292.8021081,
      "mean_dense_end_to_end_ms": 85631.57293925,
      "mean_dense_generate_ms": 57715.4731353,
      "mean_dense_processor_ms": 145.27193755000002,
      "mean_dense_vision_ms": 22478.0257583,
      "mean_keep_rate": 0.625,
      "mean_sparse_decode_ms": 5330.33829995,
      "mean_sparse_end_to_end_ms": 77879.51082075,
      "mean_sparse_generate_ms": 56936.85457915,
      "mean_sparse_processor_ms": 128.03668125,
      "mean_sparse_vision_ms": 15484.281260400001,
      "n": 20,
      "predicted_e2e_speedup_from_vision_only": 1.088936134638002,
      "sparse_accuracy": 0.3,
      "sparse_parse_failures": 3,
      "vision_reduction": 0.3111369554026586,
      "vision_share_dense": 0.26249693876634367,
      "vision_speedup_dense_over_sparse": 1.451667363843747
    }
  },
  "dense_jsonl": "research/experiments/2026/artifacts/phase1_63E_track_b_frame_scaling/dense_16f.jsonl",
  "dense_manifest": "research/benchmark_manifests/videomme_combined_v1_n60.toml",
  "dense_summary": "research/experiments/2026/artifacts/phase1_63E_track_b_frame_scaling/dense_16f_summary.json",
  "frame_count": 16,
  "n_paired_items": 60,
  "pass_ceiling_explained": true,
  "pass_complete_pairing": true,
  "pass_e2e_positive": true,
  "pass_fidelity": false,
  "pass_format": false,
  "pass_sparse_vision": true,
  "sparse_execution_scope": "Qwen compact post-layer vision execution: dense patch embed and early vision blocks through L, compact execution for remaining vision blocks, scatter before merger so LLM prompt geometry is unchanged.",
  "sparse_jsonl": "research/experiments/2026/artifacts/phase1_63H_16f_kr_sweep/sparse_L2_kr065_16f.jsonl",
  "sparse_manifest": "research/benchmark_manifests/videomme_combined_v1_n60.toml",
  "sparse_summary": "research/experiments/2026/artifacts/phase1_63H_16f_kr_sweep/sparse_L2_kr065_16f_summary.json",
  "vision_tower_keep_rate": 0.65,
  "vision_tower_layer": 2
}
