{
  "all": {
    "accuracy_delta_sparse_minus_dense": -0.09999999999999998,
    "accuracy_delta_sparse_minus_dense_ci95": [
      -0.21666666666666662,
      0.016666666666666607
    ],
    "actual_e2e_speedup_dense_over_sparse": 1.0648600018101655,
    "actual_minus_predicted_e2e_speedup": 0.022997779225572446,
    "choice_agreement": 0.75,
    "dense_accuracy": 0.6333333333333333,
    "dense_parse_failures": 0,
    "mean_dense_decode_ms": 60352.550845766666,
    "mean_dense_end_to_end_ms": 142765.81430736664,
    "mean_dense_generate_ms": 60990.47661378333,
    "mean_dense_processor_ms": 154.38683053333335,
    "mean_dense_vision_ms": 21268.400017283333,
    "mean_keep_rate": 0.75,
    "mean_sparse_decode_ms": 58051.090138850006,
    "mean_sparse_end_to_end_ms": 134070.03180199998,
    "mean_sparse_generate_ms": 60361.49563123333,
    "mean_sparse_processor_ms": 125.40363126666666,
    "mean_sparse_vision_ms": 15532.04240065,
    "n": 60,
    "predicted_e2e_speedup_from_vision_only": 1.041862222584593,
    "sparse_accuracy": 0.5333333333333333,
    "sparse_parse_failures": 0,
    "vision_reduction": 0.26971270109513645,
    "vision_share_dense": 0.14897403920166546,
    "vision_speedup_dense_over_sparse": 1.369324102308224
  },
  "by_group": {
    "long": {
      "accuracy_delta_sparse_minus_dense": 0.0,
      "accuracy_delta_sparse_minus_dense_ci95": [
        -0.2,
        0.2
      ],
      "actual_e2e_speedup_dense_over_sparse": 1.0586809625566656,
      "actual_minus_predicted_e2e_speedup": 0.022533296103078193,
      "choice_agreement": 0.7,
      "dense_accuracy": 0.5,
      "dense_parse_failures": 0,
      "mean_dense_decode_ms": 151490.89208750002,
      "mean_dense_end_to_end_ms": 239415.02315179998,
      "mean_dense_generate_ms": 67424.60037495001,
      "mean_dense_processor_ms": 165.14216455000002,
      "mean_dense_vision_ms": 20334.3885248,
      "mean_keep_rate": 0.75,
      "mean_sparse_decode_ms": 144987.70603545,
      "mean_sparse_end_to_end_ms": 226144.63811045,
      "mean_sparse_generate_ms": 69055.52837079999,
      "mean_sparse_processor_ms": 119.390696,
      "mean_sparse_vision_ms": 11982.0130082,
      "n": 20,
      "predicted_e2e_speedup_from_vision_only": 1.0361476664535874,
      "sparse_accuracy": 0.5,
      "sparse_parse_failures": 0,
      "vision_reduction": 0.4107512505927271,
      "vision_share_dense": 0.08493363639886155,
      "vision_speedup_dense_over_sparse": 1.6970761516352866
    },
    "medium": {
      "accuracy_delta_sparse_minus_dense": -0.19999999999999996,
      "accuracy_delta_sparse_minus_dense_ci95": [
        -0.39999999999999997,
        -0.04999999999999993
      ],
      "actual_e2e_speedup_dense_over_sparse": 1.0832674321846403,
      "actual_minus_predicted_e2e_speedup": 0.03903190785262867,
      "choice_agreement": 0.75,
      "dense_accuracy": 0.7,
      "dense_parse_failures": 0,
      "mean_dense_decode_ms": 24273.9583417,
      "mean_dense_end_to_end_ms": 103250.84683105,
      "mean_dense_generate_ms": 57831.3563311,
      "mean_dense_processor_ms": 152.74638950000002,
      "mean_dense_vision_ms": 20992.78576875,
      "mean_keep_rate": 0.75,
      "mean_sparse_decode_ms": 24068.78728745,
      "mean_sparse_end_to_end_ms": 95314.27213945,
      "mean_sparse_generate_ms": 54502.34199175,
      "mean_sparse_processor_ms": 124.23179780000001,
      "mean_sparse_vision_ms": 16618.91106245,
      "n": 20,
      "predicted_e2e_speedup_from_vision_only": 1.0442355243320116,
      "sparse_accuracy": 0.5,
      "sparse_parse_failures": 0,
      "vision_reduction": 0.20835132385388222,
      "vision_share_dense": 0.2033182914528597,
      "vision_speedup_dense_over_sparse": 1.2631866004856755
    },
    "short": {
      "accuracy_delta_sparse_minus_dense": -0.09999999999999998,
      "accuracy_delta_sparse_minus_dense_ci95": [
        -0.3,
        0.09999999999999998
      ],
      "actual_e2e_speedup_dense_over_sparse": 1.0604373517703267,
      "actual_minus_predicted_e2e_speedup": 0.005195310337147818,
      "choice_agreement": 0.8,
      "dense_accuracy": 0.7,
      "dense_parse_failures": 0,
      "mean_dense_decode_ms": 5292.8021081,
      "mean_dense_end_to_end_ms": 85631.57293925,
      "mean_dense_generate_ms": 57715.4731353,
      "mean_dense_processor_ms": 145.27193755000002,
      "mean_dense_vision_ms": 22478.0257583,
      "mean_keep_rate": 0.75,
      "mean_sparse_decode_ms": 5096.77709365,
      "mean_sparse_end_to_end_ms": 80751.1851561,
      "mean_sparse_generate_ms": 57526.61653114999,
      "mean_sparse_processor_ms": 132.5884,
      "mean_sparse_vision_ms": 17995.203131299997,
      "n": 20,
      "predicted_e2e_speedup_from_vision_only": 1.055242041433179,
      "sparse_accuracy": 0.6,
      "sparse_parse_failures": 0,
      "vision_reduction": 0.19943133241337807,
      "vision_share_dense": 0.26249693876634367,
      "vision_speedup_dense_over_sparse": 1.2491120880543323
    }
  },
  "dense_jsonl": "research/experiments/2026/artifacts/phase1_63E_track_b_frame_scaling/dense_16f.jsonl",
  "dense_manifest": "research/benchmark_manifests/videomme_combined_v1_n60.toml",
  "dense_summary": "research/experiments/2026/artifacts/phase1_63E_track_b_frame_scaling/dense_16f_summary.json",
  "frame_count": 16,
  "n_paired_items": 60,
  "pass_ceiling_explained": true,
  "pass_complete_pairing": true,
  "pass_e2e_positive": true,
  "pass_fidelity": false,
  "pass_format": true,
  "pass_sparse_vision": true,
  "sparse_execution_scope": "Qwen compact post-layer vision execution: dense patch embed and early vision blocks through L, compact execution for remaining vision blocks, scatter before merger so LLM prompt geometry is unchanged.",
  "sparse_jsonl": "research/experiments/2026/artifacts/phase1_63H_16f_kr_sweep/sparse_L2_kr075_16f.jsonl",
  "sparse_manifest": "research/benchmark_manifests/videomme_combined_v1_n60.toml",
  "sparse_summary": "research/experiments/2026/artifacts/phase1_63H_16f_kr_sweep/sparse_L2_kr075_16f_summary.json",
  "vision_tower_keep_rate": 0.75,
  "vision_tower_layer": 2
}
