{
  "all": {
    "accuracy_delta_sparse_minus_dense": -0.04999999999999993,
    "accuracy_delta_sparse_minus_dense_ci95": [
      -0.15000000000000002,
      0.04999999999999993
    ],
    "actual_e2e_speedup_dense_over_sparse": 1.0319578243211913,
    "actual_minus_predicted_e2e_speedup": 0.011269077429048036,
    "choice_agreement": 0.8166666666666667,
    "dense_accuracy": 0.6333333333333333,
    "dense_parse_failures": 0,
    "mean_dense_decode_ms": 60352.550845766666,
    "mean_dense_end_to_end_ms": 142765.81430736664,
    "mean_dense_generate_ms": 60990.47661378333,
    "mean_dense_processor_ms": 154.38683053333335,
    "mean_dense_vision_ms": 21268.400017283333,
    "mean_keep_rate": 0.875,
    "mean_sparse_decode_ms": 58019.34104585,
    "mean_sparse_end_to_end_ms": 138344.62120705,
    "mean_sparse_generate_ms": 61814.66650423333,
    "mean_sparse_processor_ms": 135.99081323333334,
    "mean_sparse_vision_ms": 18374.622843733334,
    "n": 60,
    "predicted_e2e_speedup_from_vision_only": 1.0206887468921433,
    "sparse_accuracy": 0.5833333333333334,
    "sparse_parse_failures": 0,
    "vision_reduction": 0.13605993733418742,
    "vision_share_dense": 0.14897403920166546,
    "vision_speedup_dense_over_sparse": 1.1574877045455616
  },
  "by_group": {
    "long": {
      "accuracy_delta_sparse_minus_dense": 0.0,
      "accuracy_delta_sparse_minus_dense_ci95": [
        -0.15000000000000002,
        0.15000000000000002
      ],
      "actual_e2e_speedup_dense_over_sparse": 1.0553451054078091,
      "actual_minus_predicted_e2e_speedup": 0.027147069289348957,
      "choice_agreement": 0.8,
      "dense_accuracy": 0.5,
      "dense_parse_failures": 0,
      "mean_dense_decode_ms": 151490.89208750002,
      "mean_dense_end_to_end_ms": 239415.02315179998,
      "mean_dense_generate_ms": 67424.60037495001,
      "mean_dense_processor_ms": 165.14216455000002,
      "mean_dense_vision_ms": 20334.3885248,
      "mean_keep_rate": 0.875,
      "mean_sparse_decode_ms": 141731.61725419998,
      "mean_sparse_end_to_end_ms": 226859.46229815,
      "mean_sparse_generate_ms": 71235.43213765,
      "mean_sparse_processor_ms": 123.91269580000001,
      "mean_sparse_vision_ms": 13768.500210499999,
      "n": 20,
      "predicted_e2e_speedup_from_vision_only": 1.0281980361184602,
      "sparse_accuracy": 0.5,
      "sparse_parse_failures": 0,
      "vision_reduction": 0.3228957834799009,
      "vision_share_dense": 0.08493363639886155,
      "vision_speedup_dense_over_sparse": 1.476877525795641
    },
    "medium": {
      "accuracy_delta_sparse_minus_dense": -0.09999999999999998,
      "accuracy_delta_sparse_minus_dense_ci95": [
        -0.3,
        0.09999999999999998
      ],
      "actual_e2e_speedup_dense_over_sparse": 0.9769361523865083,
      "actual_minus_predicted_e2e_speedup": -0.024410046402923324,
      "choice_agreement": 0.8,
      "dense_accuracy": 0.7,
      "dense_parse_failures": 0,
      "mean_dense_decode_ms": 24273.9583417,
      "mean_dense_end_to_end_ms": 103250.84683105,
      "mean_dense_generate_ms": 57831.3563311,
      "mean_dense_processor_ms": 152.74638950000002,
      "mean_dense_vision_ms": 20992.78576875,
      "mean_keep_rate": 0.875,
      "mean_sparse_decode_ms": 27166.169443750005,
      "mean_sparse_end_to_end_ms": 105688.4286438,
      "mean_sparse_generate_ms": 57515.05677295,
      "mean_sparse_processor_ms": 153.22595845,
      "mean_sparse_vision_ms": 20853.976468650002,
      "n": 20,
      "predicted_e2e_speedup_from_vision_only": 1.0013461987894317,
      "sparse_accuracy": 0.6,
      "sparse_parse_failures": 0,
      "vision_reduction": 0.006612238205499721,
      "vision_share_dense": 0.2033182914528597,
      "vision_speedup_dense_over_sparse": 1.0066562509221526
    },
    "short": {
      "accuracy_delta_sparse_minus_dense": -0.04999999999999993,
      "accuracy_delta_sparse_minus_dense_ci95": [
        -0.20000000000000007,
        0.10000000000000009
      ],
      "actual_e2e_speedup_dense_over_sparse": 1.0381349720186206,
      "actual_minus_predicted_e2e_speedup": 0.014506553552255275,
      "choice_agreement": 0.85,
      "dense_accuracy": 0.7,
      "dense_parse_failures": 0,
      "mean_dense_decode_ms": 5292.8021081,
      "mean_dense_end_to_end_ms": 85631.57293925,
      "mean_dense_generate_ms": 57715.4731353,
      "mean_dense_processor_ms": 145.27193755000002,
      "mean_dense_vision_ms": 22478.0257583,
      "mean_keep_rate": 0.875,
      "mean_sparse_decode_ms": 5160.236439599999,
      "mean_sparse_end_to_end_ms": 82485.9726792,
      "mean_sparse_generate_ms": 56693.510602099996,
      "mean_sparse_processor_ms": 130.83378545,
      "mean_sparse_vision_ms": 20501.39185205,
      "n": 20,
      "predicted_e2e_speedup_from_vision_only": 1.0236284184663653,
      "sparse_accuracy": 0.65,
      "sparse_parse_failures": 0,
      "vision_reduction": 0.08793627730051545,
      "vision_share_dense": 0.26249693876634367,
      "vision_speedup_dense_over_sparse": 1.0964146200665077
    }
  },
  "dense_jsonl": "research/experiments/2026/artifacts/phase1_63E_track_b_frame_scaling/dense_16f.jsonl",
  "dense_manifest": "research/benchmark_manifests/videomme_combined_v1_n60.toml",
  "dense_summary": "research/experiments/2026/artifacts/phase1_63E_track_b_frame_scaling/dense_16f_summary.json",
  "frame_count": 16,
  "n_paired_items": 60,
  "pass_ceiling_explained": true,
  "pass_complete_pairing": true,
  "pass_e2e_positive": true,
  "pass_fidelity": true,
  "pass_format": true,
  "pass_sparse_vision": false,
  "sparse_execution_scope": "Qwen compact post-layer vision execution: dense patch embed and early vision blocks through L, compact execution for remaining vision blocks, scatter before merger so LLM prompt geometry is unchanged.",
  "sparse_jsonl": "research/experiments/2026/artifacts/phase1_63H_16f_kr_sweep/sparse_L2_kr085_16f.jsonl",
  "sparse_manifest": "research/benchmark_manifests/videomme_combined_v1_n60.toml",
  "sparse_summary": "research/experiments/2026/artifacts/phase1_63H_16f_kr_sweep/sparse_L2_kr085_16f_summary.json",
  "vision_tower_keep_rate": 0.85,
  "vision_tower_layer": 2
}
