{
  "dense_accuracy": 0.5333333333333333,
  "dense_parse_failures": 0,
  "final_rss_mb": 5665.640625,
  "frame_count": 16,
  "manifest": "research/benchmark_manifests/videomme_combined_v1_n60.toml",
  "max_tokens": 32,
  "mean_decode_ms": 58051.090138850006,
  "mean_dense_end_to_end_ms": 134070.031802,
  "mean_dense_generate_ms": 60361.49563123334,
  "mean_dense_generation_tokens": 2.683333333333333,
  "mean_dense_generation_tps": 30.125023775594034,
  "mean_dense_prompt_tokens": 6506.416666666667,
  "mean_dense_prompt_tps": 111.08201821451586,
  "mean_dense_vision_ms": 15532.042400650002,
  "mean_effective_keep_rate": 0.75,
  "mean_kept_groups": 4800.0,
  "mean_peak_memory_gb": 7.131306652233334,
  "mean_processor_ms": 125.40363126666668,
  "mean_total_groups": 6400.0,
  "median_dense_end_to_end_ms": 91829.00975,
  "median_dense_generate_ms": 57332.964833499995,
  "model_path": "/Users/jfb/models/Qwen2.5-VL-7B-Instruct-4bit",
  "n_frames": 16,
  "n_items": 60,
  "rss_guard_mb": 9000,
  "vision_tower_keep_rate": 0.75,
  "vision_tower_layer": 2,
  "vision_tower_patched": true
}
