{
  "dense_accuracy": 0.35,
  "dense_parse_failures": 11,
  "final_rss_mb": 4503.828125,
  "frame_count": 16,
  "manifest": "research/benchmark_manifests/videomme_combined_v1_n60.toml",
  "max_tokens": 32,
  "mean_decode_ms": 57583.723183949995,
  "mean_dense_end_to_end_ms": 130656.49228608333,
  "mean_dense_generate_ms": 59360.04977015,
  "mean_dense_generation_tokens": 4.383333333333334,
  "mean_dense_generation_tps": 4154.106265429563,
  "mean_dense_prompt_tokens": 6506.416666666667,
  "mean_dense_prompt_tps": 112.53943379748507,
  "mean_dense_vision_ms": 13586.463697283332,
  "mean_effective_keep_rate": 0.625,
  "mean_kept_groups": 4000.0,
  "mean_peak_memory_gb": 7.131306652233334,
  "mean_processor_ms": 126.25563469999999,
  "mean_total_groups": 6400.0,
  "median_dense_end_to_end_ms": 89770.742271,
  "median_dense_generate_ms": 57106.537937500005,
  "model_path": "<model:Qwen2.5-VL-7B-Instruct-4bit>",
  "n_frames": 16,
  "n_items": 60,
  "rss_guard_mb": 9000,
  "vision_tower_keep_rate": 0.65,
  "vision_tower_layer": 2,
  "vision_tower_patched": true
}
