{
  "agreement": 0.4666666666666667,
  "anchor_arm": "none",
  "dense_accuracy": 0.3333333333333333,
  "dense_parse_failures": 3,
  "effective_keep_ratio": 0.5,
  "end_to_end_speedup_mean": 0.9916550302710442,
  "frame_count": 8,
  "generate_speedup_mean": 0.9551701689604029,
  "keep_rate": 0.5,
  "manifest": "research/benchmark_manifests/videomme_dev_v1.toml",
  "max_tokens": 32,
  "mean_decode_ms": 26519.090172266668,
  "mean_dense_end_to_end_ms": 35779.48135143334,
  "mean_dense_generate_ms": 6114.412535999999,
  "mean_dense_generation_tokens": 21.766666666666666,
  "mean_dense_generation_tps": 39.4569080851992,
  "mean_dense_prompt_tokens": 2180.6666666666665,
  "mean_dense_vision_ms": 3087.8285097999997,
  "mean_kept_tokens_total": 1024.0,
  "mean_processor_ms": 58.15013336666668,
  "mean_pruned_end_to_end_ms": 36080.572637900004,
  "mean_pruned_generate_ms": 6401.385569499999,
  "mean_pruned_generation_tokens": 24.0,
  "mean_pruned_generation_tps": 38.14743940801472,
  "mean_pruned_mask_ms": 0.17259853333333333,
  "mean_pruned_novelty_ms": 12.267719633333334,
  "mean_pruned_prompt_tokens": 1156.6666666666667,
  "mean_pruned_prune_ms": 1.6779347999999996,
  "median_dense_end_to_end_ms": 15231.257625,
  "median_dense_generate_ms": 5959.5661875000005,
  "median_pruned_end_to_end_ms": 15799.766583,
  "median_pruned_generate_ms": 6170.8150625,
  "model_path": "/Users/jfb/models/gemma-4-e4b-it-4bit",
  "n_frames": 8,
  "n_items": 30,
  "per_token_generate_speedup_mean": 1.0531738463269373,
  "pruned_accuracy": 0.3,
  "pruned_parse_failures": 5,
  "tokens_per_frame_baseline": 256,
  "vision_tower_keep_rate": 0.5,
  "vision_tower_layer": 2,
  "vision_tower_patched": true
}
