{
  "phase": "1.55A",
  "model": "qwen2.5-vl-7b-instruct-4bit",
  "frame_count": 20,
  "n_clips": 7,
  "n_queries_per_mode": 21,
  "total_wall_ms": 2506101.278791,
  "peak_rss_gb": 3.513991168,
  "session": {
    "label": "session",
    "n": 21,
    "n_correct": 9,
    "accuracy": 0.42857142857142855,
    "mean_elapsed_ms": 29424.586656857144,
    "median_elapsed_ms": 1871.921667,
    "p05_elapsed_ms": 764.631292,
    "p95_elapsed_ms": 86128.486041
  },
  "session_first_query": {
    "label": "session_first_query",
    "n": 7,
    "n_correct": 6,
    "accuracy": 0.8571428571428571,
    "mean_elapsed_ms": 83798.89613699999,
    "median_elapsed_ms": 85440.03425,
    "p05_elapsed_ms": 67465.845917,
    "p95_elapsed_ms": 93037.6305
  },
  "session_follow_up": {
    "label": "session_follow_up",
    "n": 14,
    "n_correct": 3,
    "accuracy": 0.21428571428571427,
    "mean_elapsed_ms": 2237.4319167857143,
    "median_elapsed_ms": 904.8565,
    "p05_elapsed_ms": 722.322167,
    "p95_elapsed_ms": 7278.119416
  },
  "baseline": {
    "label": "baseline",
    "n": 21,
    "n_correct": 17,
    "accuracy": 0.8095238095238095,
    "mean_elapsed_ms": 88546.49042271428,
    "median_elapsed_ms": 86637.733416,
    "p05_elapsed_ms": 82331.561917,
    "p95_elapsed_ms": 97413.935875
  },
  "speedup_first_over_follow": 94.42384980380866,
  "mean_follow_up_prefix_coverage": 0.9928365843428038,
  "accuracy_delta_session_minus_baseline": -0.380952380952381,
  "verdicts": {
    "H1_follow_up_speedup": {
      "earn": true,
      "reject": false,
      "median_follow_up_s": 0.9048565,
      "speedup": 94.42384980380866
    },
    "H2_accuracy_preservation": {
      "earn": false,
      "reject": true,
      "delta": -0.380952380952381
    },
    "H3_prefix_coverage": {
      "earn": true,
      "reject": false,
      "coverage": 0.9928365843428038
    },
    "H4_peak_rss": {
      "earn": true,
      "reject": false,
      "peak_rss_gb": 3.513991168
    }
  }
}
