{
  "agreement": 0.9,
  "anchor_arm": "none",
  "dense_accuracy": 0.3333333333333333,
  "dense_parse_failures": 3,
  "effective_keep_ratio": 1.0,
  "end_to_end_speedup_mean": 1.0097485436397258,
  "frame_count": 8,
  "generate_speedup_mean": 1.0544716400690946,
  "keep_rate": 1.0,
  "manifest": "research/benchmark_manifests/videomme_dev_v1.toml",
  "max_tokens": 32,
  "mean_decode_ms": 28647.062283333336,
  "mean_dense_end_to_end_ms": 40734.097495600014,
  "mean_dense_generate_ms": 7956.867019266667,
  "mean_dense_generation_tokens": 21.766666666666666,
  "mean_dense_generation_tps": 36.49659536534386,
  "mean_dense_prompt_tokens": 2180.6666666666665,
  "mean_dense_vision_ms": 4061.6683528000003,
  "mean_kept_tokens_total": 2048.0,
  "mean_processor_ms": 68.49984020000001,
  "mean_pruned_end_to_end_ms": 40340.83312343333,
  "mean_pruned_generate_ms": 7545.833113866667,
  "mean_pruned_generation_tokens": 21.766666666666666,
  "mean_pruned_generation_tps": 36.23686056960391,
  "mean_pruned_mask_ms": 0.5095055666666667,
  "mean_pruned_novelty_ms": 13.279506933333334,
  "mean_pruned_prompt_tokens": 2180.6666666666665,
  "mean_pruned_prune_ms": 3.9805207333333334,
  "median_dense_end_to_end_ms": 20741.026876,
  "median_dense_generate_ms": 7954.1484789999995,
  "median_pruned_end_to_end_ms": 20638.831834,
  "median_pruned_generate_ms": 7772.186458,
  "model_path": "<model:gemma-4-e4b-it-4bit>",
  "n_frames": 8,
  "n_items": 30,
  "per_token_generate_speedup_mean": 1.0544716400690943,
  "pruned_accuracy": 0.3333333333333333,
  "pruned_parse_failures": 3,
  "tokens_per_frame_baseline": 256,
  "vision_tower_keep_rate": 0.5,
  "vision_tower_layer": 2,
  "vision_tower_patched": true
}
