{
  "agreement": 0.9,
  "anchor_arm": "none",
  "dense_accuracy": 0.3333333333333333,
  "dense_parse_failures": 3,
  "effective_keep_ratio": 1.0,
  "end_to_end_speedup_mean": 1.0100810249337755,
  "frame_count": 8,
  "generate_speedup_mean": 1.0550967746187543,
  "keep_rate": 1.0,
  "manifest": "research/benchmark_manifests/videomme_dev_v1.toml",
  "max_tokens": 32,
  "mean_decode_ms": 29699.607948666668,
  "mean_dense_end_to_end_ms": 40369.159794499996,
  "mean_dense_generate_ms": 8078.5265346999995,
  "mean_dense_generation_tokens": 23.566666666666666,
  "mean_dense_generation_tps": 35.37978811744844,
  "mean_dense_prompt_tokens": 2180.6666666666665,
  "mean_dense_vision_ms": 2524.9646444999994,
  "mean_kept_tokens_total": 2048.0,
  "mean_processor_ms": 66.06066663333334,
  "mean_pruned_end_to_end_ms": 39966.2589416,
  "mean_pruned_generate_ms": 7656.668780566665,
  "mean_pruned_generation_tokens": 23.566666666666666,
  "mean_pruned_generation_tps": 35.78652287971862,
  "mean_pruned_mask_ms": 1.3569249999999997,
  "mean_pruned_novelty_ms": 12.925313766666669,
  "mean_pruned_prompt_tokens": 2180.6666666666665,
  "mean_pruned_prune_ms": 4.674662466666666,
  "median_dense_end_to_end_ms": 20627.234334,
  "median_dense_generate_ms": 8083.1847705,
  "median_pruned_end_to_end_ms": 19647.5417505,
  "median_pruned_generate_ms": 7895.750895499999,
  "model_path": "/Users/jfb/models/gemma-4-e4b-it-4bit",
  "n_frames": 8,
  "n_items": 30,
  "per_token_generate_speedup_mean": 1.0550967746187543,
  "pruned_accuracy": 0.3333333333333333,
  "pruned_parse_failures": 3,
  "tokens_per_frame_baseline": 256,
  "vision_tower_keep_rate": 0.25,
  "vision_tower_layer": 2,
  "vision_tower_patched": true
}
