{
  "agreement": 0.8666666666666667,
  "anchor_arm": "none",
  "dense_accuracy": 0.36666666666666664,
  "dense_parse_failures": 4,
  "effective_keep_ratio": 1.0,
  "end_to_end_speedup_mean": 1.0119392482599163,
  "frame_count": 8,
  "generate_speedup_mean": 1.0664640568943642,
  "keep_rate": 1.0,
  "manifest": "research/benchmark_manifests/videomme_dev_v1.toml",
  "max_tokens": 32,
  "mean_decode_ms": 27956.132543033335,
  "mean_dense_end_to_end_ms": 41500.34183496666,
  "mean_dense_generate_ms": 8114.645576533333,
  "mean_dense_generation_tokens": 21.8,
  "mean_dense_generation_tps": 36.02891193168115,
  "mean_dense_prompt_tokens": 2180.6666666666665,
  "mean_dense_vision_ms": 5359.900647233334,
  "mean_kept_tokens_total": 2048.0,
  "mean_processor_ms": 69.66306816666666,
  "mean_pruned_end_to_end_ms": 41010.70484846666,
  "mean_pruned_generate_ms": 7608.925518000001,
  "mean_pruned_generation_tokens": 21.8,
  "mean_pruned_generation_tps": 36.83142898161803,
  "mean_pruned_mask_ms": 0.16453336666666668,
  "mean_pruned_novelty_ms": 12.987991533333334,
  "mean_pruned_prompt_tokens": 2180.6666666666665,
  "mean_pruned_prune_ms": 2.930547133333333,
  "median_dense_end_to_end_ms": 23419.139540999997,
  "median_dense_generate_ms": 8046.502625,
  "median_pruned_end_to_end_ms": 22395.111458,
  "median_pruned_generate_ms": 7680.2268540000005,
  "model_path": "/Users/jfb/models/gemma-4-e4b-it-4bit",
  "n_frames": 8,
  "n_items": 30,
  "per_token_generate_speedup_mean": 1.0664640568943644,
  "pruned_accuracy": 0.36666666666666664,
  "pruned_parse_failures": 4,
  "tokens_per_frame_baseline": 256,
  "vision_tower_keep_rate": 0.75,
  "vision_tower_layer": 2,
  "vision_tower_patched": true
}
