{
  "agreement": 0.8666666666666667,
  "anchor_arm": "none",
  "dense_accuracy": 0.4,
  "dense_parse_failures": 4,
  "effective_keep_ratio": 1.0,
  "end_to_end_speedup_mean": 1.0085318977276232,
  "frame_count": 8,
  "generate_speedup_mean": 1.0532523610009328,
  "keep_rate": 1.0,
  "manifest": "research/benchmark_manifests/videomme_dev_v1.toml",
  "max_tokens": 32,
  "mean_decode_ms": 29458.108695900006,
  "mean_dense_end_to_end_ms": 43912.65062379999,
  "mean_dense_generate_ms": 7726.067704133334,
  "mean_dense_generation_tokens": 21.0,
  "mean_dense_generation_tps": 36.47674732734508,
  "mean_dense_prompt_tokens": 2180.6666666666665,
  "mean_dense_vision_ms": 6658.0022709333325,
  "mean_kept_tokens_total": 2048.0,
  "mean_processor_ms": 70.47195283333332,
  "mean_pruned_end_to_end_ms": 43541.16188366667,
  "mean_pruned_generate_ms": 7335.4382959,
  "mean_pruned_generation_tokens": 21.0,
  "mean_pruned_generation_tps": 37.59756687006571,
  "mean_pruned_mask_ms": 1.2072569666666668,
  "mean_pruned_novelty_ms": 13.536538900000002,
  "mean_pruned_prompt_tokens": 2180.6666666666665,
  "mean_pruned_prune_ms": 4.396872233333335,
  "median_dense_end_to_end_ms": 22741.272542500003,
  "median_dense_generate_ms": 7525.7178545,
  "median_pruned_end_to_end_ms": 22754.777876500004,
  "median_pruned_generate_ms": 7321.345146,
  "model_path": "/Users/jfb/models/gemma-4-e4b-it-4bit",
  "n_frames": 8,
  "n_items": 30,
  "per_token_generate_speedup_mean": 1.0532523610009326,
  "pruned_accuracy": 0.4,
  "pruned_parse_failures": 4,
  "tokens_per_frame_baseline": 256,
  "vision_tower_keep_rate": null,
  "vision_tower_layer": null,
  "vision_tower_patched": false
}
