{
  "agreement": 0.5,
  "anchor_arm": "gemma_structural",
  "dense_accuracy": 0.3333333333333333,
  "dense_parse_failures": 3,
  "effective_keep_ratio": 0.5,
  "end_to_end_speedup_mean": 0.9904602577415772,
  "frame_count": 8,
  "generate_speedup_mean": 0.9540780357393952,
  "keep_rate": 0.5,
  "manifest": "research/benchmark_manifests/videomme_dev_v1.toml",
  "max_tokens": 32,
  "mean_decode_ms": 28073.693402733337,
  "mean_dense_end_to_end_ms": 39528.68735426668,
  "mean_dense_generate_ms": 7585.641012466666,
  "mean_dense_generation_tokens": 21.766666666666666,
  "mean_dense_generation_tps": 36.80821063823026,
  "mean_dense_prompt_tokens": 2180.6666666666665,
  "mean_dense_vision_ms": 3808.3222696000003,
  "mean_kept_tokens_total": 1024.0,
  "mean_processor_ms": 61.03066946666665,
  "mean_pruned_end_to_end_ms": 39909.41286669998,
  "mean_pruned_generate_ms": 7950.755313833334,
  "mean_pruned_generation_tokens": 26.0,
  "mean_pruned_generation_tps": 33.98177854857467,
  "mean_pruned_mask_ms": 0.3539806,
  "mean_pruned_novelty_ms": 13.148316533333334,
  "mean_pruned_prompt_tokens": 1156.6666666666667,
  "mean_pruned_prune_ms": 2.108913933333333,
  "median_dense_end_to_end_ms": 20224.961124499998,
  "median_dense_generate_ms": 7451.063604,
  "median_pruned_end_to_end_ms": 20841.462832999998,
  "median_pruned_generate_ms": 7967.887333000001,
  "model_path": "/Users/jfb/models/gemma-4-e4b-it-4bit",
  "n_frames": 8,
  "n_items": 30,
  "per_token_generate_speedup_mean": 1.1396337946044846,
  "pruned_accuracy": 0.26666666666666666,
  "pruned_parse_failures": 5,
  "tokens_per_frame_baseline": 256,
  "vision_tower_keep_rate": 0.5,
  "vision_tower_layer": 2,
  "vision_tower_patched": true
}
