{
  "agreement": 0.9333333333333333,
  "anchor_arm": "none",
  "dense_accuracy": 0.5,
  "dense_parse_failures": 2,
  "effective_keep_ratio": 1.0,
  "end_to_end_speedup_mean": 0.9946786298298382,
  "frame_count": 8,
  "generate_speedup_mean": 0.9946247799866734,
  "keep_rate": 1.0,
  "manifest": "research/benchmark_manifests/mvbench_motion_dev_v2.toml",
  "max_tokens": 32,
  "mean_decode_ms": 422.8591847333333,
  "mean_dense_end_to_end_ms": 12146.04100843333,
  "mean_dense_generate_ms": 7412.415036233332,
  "mean_dense_generation_tokens": 12.633333333333333,
  "mean_dense_generation_tps": 44.98709592000923,
  "mean_dense_prompt_tokens": 2158.366666666667,
  "mean_dense_vision_ms": 4213.421272233333,
  "mean_kept_tokens_total": 2048.0,
  "mean_processor_ms": 97.34551523333334,
  "mean_pruned_end_to_end_ms": 12211.020367966667,
  "mean_pruned_generate_ms": 7452.4737221333335,
  "mean_pruned_generation_tokens": 12.633333333333333,
  "mean_pruned_generation_tps": 44.89690180799222,
  "mean_pruned_mask_ms": 0.14625563333333336,
  "mean_pruned_novelty_ms": 21.5511527,
  "mean_pruned_prompt_tokens": 2158.366666666667,
  "mean_pruned_prune_ms": 3.2232652999999996,
  "median_dense_end_to_end_ms": 11946.3542915,
  "median_dense_generate_ms": 7172.4482295,
  "median_pruned_end_to_end_ms": 11898.6701885,
  "median_pruned_generate_ms": 6942.1108955,
  "model_path": "<model:gemma-4-e4b-it-4bit>",
  "n_frames": 8,
  "n_items": 30,
  "per_token_generate_speedup_mean": 0.9946247799866734,
  "pruned_accuracy": 0.5,
  "pruned_parse_failures": 2,
  "tokens_per_frame_baseline": 256,
  "vision_tower_keep_rate": 0.5,
  "vision_tower_layer": 2,
  "vision_tower_patched": true
}
