{
  "agreement": 0.9333333333333333,
  "anchor_arm": "none",
  "dense_accuracy": 0.13333333333333333,
  "dense_parse_failures": 2,
  "effective_keep_ratio": 1.0,
  "end_to_end_speedup_mean": 0.9822593140461121,
  "frame_count": 8,
  "generate_speedup_mean": 0.9718683541909786,
  "keep_rate": 1.0,
  "manifest": "research/benchmark_manifests/tomato_motion_dev_v2.toml",
  "max_tokens": 32,
  "mean_decode_ms": 1740.3694929666665,
  "mean_dense_end_to_end_ms": 13213.305660933333,
  "mean_dense_generate_ms": 7597.1512484666655,
  "mean_dense_generation_tokens": 20.0,
  "mean_dense_generation_tps": 38.22136456234735,
  "mean_dense_prompt_tokens": 2185.6666666666665,
  "mean_dense_vision_ms": 3809.4713931,
  "mean_kept_tokens_total": 2048.0,
  "mean_processor_ms": 66.3135264,
  "mean_pruned_end_to_end_ms": 13451.952526166664,
  "mean_pruned_generate_ms": 7817.0579541,
  "mean_pruned_generation_tokens": 20.0,
  "mean_pruned_generation_tps": 38.94917095125758,
  "mean_pruned_mask_ms": 0.1196736,
  "mean_pruned_novelty_ms": 15.665518066666666,
  "mean_pruned_prompt_tokens": 2185.6666666666665,
  "mean_pruned_prune_ms": 2.954967933333334,
  "median_dense_end_to_end_ms": 13560.740874,
  "median_dense_generate_ms": 7932.8315625,
  "median_pruned_end_to_end_ms": 13733.723791,
  "median_pruned_generate_ms": 8385.854437,
  "model_path": "<model:gemma-4-e4b-it-4bit>",
  "n_frames": 8,
  "n_items": 30,
  "per_token_generate_speedup_mean": 0.9718683541909786,
  "pruned_accuracy": 0.13333333333333333,
  "pruned_parse_failures": 2,
  "tokens_per_frame_baseline": 256,
  "vision_tower_keep_rate": 0.5,
  "vision_tower_layer": 2,
  "vision_tower_patched": true
}
