{
  "agreement": 0.6333333333333333,
  "anchor_arm": "none",
  "dense_accuracy": 0.3333333333333333,
  "dense_parse_failures": 3,
  "effective_keep_ratio": 0.296875,
  "end_to_end_speedup_mean": 1.0565198252497046,
  "frame_count": 8,
  "generate_speedup_mean": 1.398646277796362,
  "keep_rate": 0.3,
  "manifest": "research/benchmark_manifests/videomme_dev_v1.toml",
  "max_tokens": 32,
  "mean_decode_ms": 28147.009206866667,
  "mean_dense_end_to_end_ms": 39546.591556566666,
  "mean_dense_generate_ms": 7475.2154387,
  "mean_dense_generation_tokens": 21.766666666666666,
  "mean_dense_generation_tps": 36.974975520115585,
  "mean_dense_prompt_tokens": 2180.6666666666665,
  "mean_dense_vision_ms": 3864.764023466667,
  "mean_kept_tokens_total": 608.0,
  "mean_processor_ms": 59.60288753333332,
  "mean_pruned_end_to_end_ms": 37430.99808583334,
  "mean_pruned_generate_ms": 5344.607537566668,
  "mean_pruned_generation_tokens": 21.0,
  "mean_pruned_generation_tps": 38.28060823177247,
  "mean_pruned_mask_ms": 0.6059123666666666,
  "mean_pruned_novelty_ms": 12.423961033333336,
  "mean_pruned_prompt_tokens": 740.6666666666666,
  "mean_pruned_prune_ms": 1.9845569999999995,
  "median_dense_end_to_end_ms": 19389.792041499997,
  "median_dense_generate_ms": 7698.5962915,
  "median_pruned_end_to_end_ms": 18402.5783125,
  "median_pruned_generate_ms": 5528.2675835,
  "model_path": "/Users/jfb/models/gemma-4-e4b-it-4bit",
  "n_frames": 8,
  "n_items": 30,
  "per_token_generate_speedup_mean": 1.3493830857759697,
  "pruned_accuracy": 0.3333333333333333,
  "pruned_parse_failures": 4,
  "tokens_per_frame_baseline": 256,
  "vision_tower_keep_rate": 0.5,
  "vision_tower_layer": 2,
  "vision_tower_patched": true
}
