{
  "agreement": 0.9666666666666667,
  "anchor_arm": "none",
  "dense_accuracy": 0.43333333333333335,
  "dense_parse_failures": 1,
  "effective_keep_ratio": 1.0,
  "end_to_end_speedup_mean": 1.0151860368613934,
  "frame_count": 16,
  "generate_speedup_mean": 1.0586728935981047,
  "keep_rate": 1.0,
  "manifest": "research/benchmark_manifests/videomme_dev_v1.toml",
  "max_tokens": 32,
  "mean_decode_ms": 28681.64376536667,
  "mean_dense_end_to_end_ms": 51958.31491393333,
  "mean_dense_generate_ms": 14632.4071429,
  "mean_dense_generation_tokens": 17.0,
  "mean_dense_generation_tps": 40.92374150721095,
  "mean_dense_prompt_tokens": 4252.666666666667,
  "mean_dense_vision_ms": 8500.038894466667,
  "mean_kept_tokens_total": 4096.0,
  "mean_processor_ms": 144.2251112,
  "mean_pruned_end_to_end_ms": 51181.077189133335,
  "mean_pruned_generate_ms": 13821.461975066664,
  "mean_pruned_generation_tokens": 17.0,
  "mean_pruned_generation_tps": 40.11741495136955,
  "mean_pruned_mask_ms": 0.6031083333333332,
  "mean_pruned_novelty_ms": 27.680454066666666,
  "mean_pruned_prompt_tokens": 4252.666666666667,
  "mean_pruned_prune_ms": 5.423880633333334,
  "median_dense_end_to_end_ms": 30611.192375500003,
  "median_dense_generate_ms": 14541.2982495,
  "median_pruned_end_to_end_ms": 31239.959147,
  "median_pruned_generate_ms": 13624.420979499999,
  "model_path": "/Users/jfb/models/gemma-4-e4b-it-4bit",
  "n_frames": 16,
  "n_items": 30,
  "per_token_generate_speedup_mean": 1.0586728935981045,
  "pruned_accuracy": 0.43333333333333335,
  "pruned_parse_failures": 1,
  "tokens_per_frame_baseline": 256,
  "vision_tower_keep_rate": 0.5,
  "vision_tower_layer": 2,
  "vision_tower_patched": true
}
