{
  "all": {
    "accuracy_delta_sparse_minus_dense": -0.41666666666666663,
    "accuracy_delta_sparse_minus_dense_ci95": [
      -0.55,
      -0.2833333333333334
    ],
    "actual_e2e_speedup_dense_over_sparse": 1.1317567669370836,
    "actual_minus_predicted_e2e_speedup": 0.05757017850615531,
    "choice_agreement": 0.36666666666666664,
    "dense_accuracy": 0.6333333333333333,
    "dense_parse_failures": 0,
    "mean_dense_decode_ms": 60352.550845766666,
    "mean_dense_end_to_end_ms": 142765.81430736664,
    "mean_dense_generate_ms": 60990.47661378333,
    "mean_dense_processor_ms": 154.38683053333335,
    "mean_dense_vision_ms": 21268.400017283333,
    "mean_keep_rate": 0.5,
    "mean_sparse_decode_ms": 58806.33216666667,
    "mean_sparse_end_to_end_ms": 126145.31538763334,
    "mean_sparse_generate_ms": 55777.25972364999,
    "mean_sparse_processor_ms": 153.16423963333332,
    "mean_sparse_vision_ms": 11408.559257683333,
    "n": 60,
    "predicted_e2e_speedup_from_vision_only": 1.0741865884309283,
    "sparse_accuracy": 0.21666666666666667,
    "sparse_parse_failures": 22,
    "vision_reduction": 0.4635910906127213,
    "vision_share_dense": 0.14897403920166546,
    "vision_speedup_dense_over_sparse": 1.8642494233406102
  },
  "by_group": {
    "long": {
      "accuracy_delta_sparse_minus_dense": -0.35,
      "accuracy_delta_sparse_minus_dense_ci95": [
        -0.55,
        -0.15
      ],
      "actual_e2e_speedup_dense_over_sparse": 1.147382737475032,
      "actual_minus_predicted_e2e_speedup": 0.10086252204958712,
      "choice_agreement": 0.4,
      "dense_accuracy": 0.5,
      "dense_parse_failures": 0,
      "mean_dense_decode_ms": 151490.89208750002,
      "mean_dense_end_to_end_ms": 239415.02315179998,
      "mean_dense_generate_ms": 67424.60037495001,
      "mean_dense_processor_ms": 165.14216455000002,
      "mean_dense_vision_ms": 20334.3885248,
      "mean_keep_rate": 0.5,
      "mean_sparse_decode_ms": 145829.6372917,
      "mean_sparse_end_to_end_ms": 208661.86611685,
      "mean_sparse_generate_ms": 52987.27471245,
      "mean_sparse_processor_ms": 153.1105564,
      "mean_sparse_vision_ms": 9691.8435563,
      "n": 20,
      "predicted_e2e_speedup_from_vision_only": 1.046520215425445,
      "sparse_accuracy": 0.15,
      "sparse_parse_failures": 6,
      "vision_reduction": 0.5233766904532319,
      "vision_share_dense": 0.08493363639886155,
      "vision_speedup_dense_over_sparse": 2.098092938322556
    },
    "medium": {
      "accuracy_delta_sparse_minus_dense": -0.39999999999999997,
      "accuracy_delta_sparse_minus_dense_ci95": [
        -0.65,
        -0.14999999999999997
      ],
      "actual_e2e_speedup_dense_over_sparse": 1.0737775985410936,
      "actual_minus_predicted_e2e_speedup": -0.017008944134923487,
      "choice_agreement": 0.35,
      "dense_accuracy": 0.7,
      "dense_parse_failures": 0,
      "mean_dense_decode_ms": 24273.9583417,
      "mean_dense_end_to_end_ms": 103250.84683105,
      "mean_dense_generate_ms": 57831.3563311,
      "mean_dense_processor_ms": 152.74638950000002,
      "mean_dense_vision_ms": 20992.78576875,
      "mean_keep_rate": 0.5,
      "mean_sparse_decode_ms": 25335.28236465,
      "mean_sparse_end_to_end_ms": 96156.6407898,
      "mean_sparse_generate_ms": 58256.6636522,
      "mean_sparse_processor_ms": 165.5128354,
      "mean_sparse_vision_ms": 12399.18193755,
      "n": 20,
      "predicted_e2e_speedup_from_vision_only": 1.090786542676017,
      "sparse_accuracy": 0.3,
      "sparse_parse_failures": 7,
      "vision_reduction": 0.40935985942334996,
      "vision_share_dense": 0.2033182914528597,
      "vision_speedup_dense_over_sparse": 1.6930782913326654
    },
    "short": {
      "accuracy_delta_sparse_minus_dense": -0.49999999999999994,
      "accuracy_delta_sparse_minus_dense_ci95": [
        -0.7000000000000001,
        -0.3
      ],
      "actual_e2e_speedup_dense_over_sparse": 1.163196843090138,
      "actual_minus_predicted_e2e_speedup": 0.025813115583482205,
      "choice_agreement": 0.35,
      "dense_accuracy": 0.7,
      "dense_parse_failures": 0,
      "mean_dense_decode_ms": 5292.8021081,
      "mean_dense_end_to_end_ms": 85631.57293925,
      "mean_dense_generate_ms": 57715.4731353,
      "mean_dense_processor_ms": 145.27193755000002,
      "mean_dense_vision_ms": 22478.0257583,
      "mean_keep_rate": 0.5,
      "mean_sparse_decode_ms": 5254.07684365,
      "mean_sparse_end_to_end_ms": 73617.43925625,
      "mean_sparse_generate_ms": 56087.840806299995,
      "mean_sparse_processor_ms": 140.86932710000002,
      "mean_sparse_vision_ms": 12134.6522792,
      "n": 20,
      "predicted_e2e_speedup_from_vision_only": 1.1373837275066558,
      "sparse_accuracy": 0.2,
      "sparse_parse_failures": 9,
      "vision_reduction": 0.4601548903947098,
      "vision_share_dense": 0.26249693876634367,
      "vision_speedup_dense_over_sparse": 1.8523831784475249
    }
  },
  "dense_jsonl": "research/experiments/2026/artifacts/phase1_63E_track_b_frame_scaling/dense_16f.jsonl",
  "dense_manifest": "research/benchmark_manifests/videomme_combined_v1_n60.toml",
  "dense_summary": "research/experiments/2026/artifacts/phase1_63E_track_b_frame_scaling/dense_16f_summary.json",
  "frame_count": 16,
  "n_paired_items": 60,
  "pass_ceiling_explained": false,
  "pass_complete_pairing": true,
  "pass_e2e_positive": true,
  "pass_fidelity": false,
  "pass_format": false,
  "pass_sparse_vision": true,
  "sparse_execution_scope": "Qwen compact post-layer vision execution: dense patch embed and early vision blocks through L, compact execution for remaining vision blocks, scatter before merger so LLM prompt geometry is unchanged.",
  "sparse_jsonl": "research/experiments/2026/artifacts/phase1_63E_track_b_frame_scaling/sparse_L2_kr050_16f.jsonl",
  "sparse_manifest": "research/benchmark_manifests/videomme_combined_v1_n60.toml",
  "sparse_summary": "research/experiments/2026/artifacts/phase1_63E_track_b_frame_scaling/sparse_L2_kr050_16f_summary.json",
  "vision_tower_keep_rate": 0.5,
  "vision_tower_layer": 2
}
