{
  "all": {
    "accuracy_delta_sparse_minus_dense": -0.06666666666666665,
    "accuracy_delta_sparse_minus_dense_ci95": [
      -0.18333333333333335,
      0.050000000000000044
    ],
    "actual_e2e_speedup_dense_over_sparse": 1.0420945397432793,
    "actual_minus_predicted_e2e_speedup": -0.004762885321788701,
    "choice_agreement": 0.7166666666666667,
    "dense_accuracy": 0.6166666666666667,
    "dense_parse_failures": 0,
    "mean_dense_decode_ms": 53905.16606455,
    "mean_dense_end_to_end_ms": 83880.49630975,
    "mean_dense_generate_ms": 21540.231544433333,
    "mean_dense_processor_ms": 59.95272991666666,
    "mean_dense_vision_ms": 8375.14597085,
    "mean_keep_rate": 0.5,
    "mean_sparse_decode_ms": 54154.877916033336,
    "mean_sparse_end_to_end_ms": 80492.21362431668,
    "mean_sparse_generate_ms": 21657.232180533334,
    "mean_sparse_processor_ms": 59.455520183333334,
    "mean_sparse_vision_ms": 4620.648007566667,
    "n": 60,
    "predicted_e2e_speedup_from_vision_only": 1.046857425065068,
    "sparse_accuracy": 0.55,
    "sparse_parse_failures": 0,
    "vision_reduction": 0.44829045085912533,
    "vision_share_dense": 0.09984616614478115,
    "vision_speedup_dense_over_sparse": 1.812547927722487
  },
  "by_group": {
    "long": {
      "accuracy_delta_sparse_minus_dense": -0.10000000000000003,
      "accuracy_delta_sparse_minus_dense_ci95": [
        -0.30000000000000004,
        0.09999999999999998
      ],
      "actual_e2e_speedup_dense_over_sparse": 1.0173152700787589,
      "actual_minus_predicted_e2e_speedup": -0.001904053650577664,
      "choice_agreement": 0.7,
      "dense_accuracy": 0.55,
      "dense_parse_failures": 0,
      "mean_dense_decode_ms": 135570.25430815,
      "mean_dense_end_to_end_ms": 161350.12056455,
      "mean_dense_generate_ms": 18764.22995005,
      "mean_dense_processor_ms": 66.42287515000001,
      "mean_dense_vision_ms": 6949.2134312,
      "mean_keep_rate": 0.5,
      "mean_sparse_decode_ms": 135997.99007919998,
      "mean_sparse_end_to_end_ms": 158603.85203110002,
      "mean_sparse_generate_ms": 18636.38107695,
      "mean_sparse_processor_ms": 62.8316188,
      "mean_sparse_vision_ms": 3906.6492561500004,
      "n": 20,
      "predicted_e2e_speedup_from_vision_only": 1.0192193237293365,
      "sparse_accuracy": 0.45,
      "sparse_parse_failures": 0,
      "vision_reduction": 0.4378285694017898,
      "vision_share_dense": 0.04306915549170529,
      "vision_speedup_dense_over_sparse": 1.7788168262764505
    },
    "medium": {
      "accuracy_delta_sparse_minus_dense": 0.15000000000000002,
      "accuracy_delta_sparse_minus_dense_ci95": [
        -0.050000000000000044,
        0.35000000000000003
      ],
      "actual_e2e_speedup_dense_over_sparse": 1.1071701504197595,
      "actual_minus_predicted_e2e_speedup": 0.017176813880896757,
      "choice_agreement": 0.7,
      "dense_accuracy": 0.5,
      "dense_parse_failures": 0,
      "mean_dense_decode_ms": 21508.1110959,
      "mean_dense_end_to_end_ms": 53007.30456895001,
      "mean_dense_generate_ms": 22578.354760399998,
      "mean_dense_processor_ms": 57.075262550000005,
      "mean_dense_vision_ms": 8863.7634501,
      "mean_keep_rate": 0.5,
      "mean_sparse_decode_ms": 21664.0350521,
      "mean_sparse_end_to_end_ms": 47876.38516885,
      "mean_sparse_generate_ms": 21667.45942925,
      "mean_sparse_processor_ms": 57.579862549999994,
      "mean_sparse_vision_ms": 4487.31082495,
      "n": 20,
      "predicted_e2e_speedup_from_vision_only": 1.0899933365388628,
      "sparse_accuracy": 0.65,
      "sparse_parse_failures": 0,
      "vision_reduction": 0.4937465501858158,
      "vision_share_dense": 0.1672177735159186,
      "vision_speedup_dense_over_sparse": 1.975295181429462
    },
    "short": {
      "accuracy_delta_sparse_minus_dense": -0.25,
      "accuracy_delta_sparse_minus_dense_ci95": [
        -0.45,
        -0.09999999999999998
      ],
      "actual_e2e_speedup_dense_over_sparse": 1.065368434543317,
      "actual_minus_predicted_e2e_speedup": -0.0495994065200025,
      "choice_agreement": 0.75,
      "dense_accuracy": 0.8,
      "dense_parse_failures": 0,
      "mean_dense_decode_ms": 4637.1327896,
      "mean_dense_end_to_end_ms": 37284.06379575,
      "mean_dense_generate_ms": 23278.109922850002,
      "mean_dense_processor_ms": 56.36005205,
      "mean_dense_vision_ms": 9312.461031249999,
      "mean_keep_rate": 0.5,
      "mean_sparse_decode_ms": 4802.6086168,
      "mean_sparse_end_to_end_ms": 34996.403673,
      "mean_sparse_generate_ms": 24667.8560354,
      "mean_sparse_processor_ms": 57.9550792,
      "mean_sparse_vision_ms": 5467.9839416,
      "n": 20,
      "predicted_e2e_speedup_from_vision_only": 1.1149678410633195,
      "sparse_accuracy": 0.55,
      "sparse_parse_failures": 0,
      "vision_reduction": 0.41283148211294685,
      "vision_share_dense": 0.24977054760622752,
      "vision_speedup_dense_over_sparse": 1.703088584514946
    }
  },
  "dense_jsonl": "research/experiments/2026/artifacts/phase1_63E_track_b_frame_scaling/dense_8f.jsonl",
  "dense_manifest": "research/benchmark_manifests/videomme_combined_v1_n60.toml",
  "dense_summary": "research/experiments/2026/artifacts/phase1_63E_track_b_frame_scaling/dense_8f_summary.json",
  "frame_count": 8,
  "n_paired_items": 60,
  "pass_ceiling_explained": true,
  "pass_complete_pairing": true,
  "pass_e2e_positive": true,
  "pass_fidelity": false,
  "pass_format": true,
  "pass_sparse_vision": true,
  "sparse_execution_scope": "Qwen compact post-layer vision execution: dense patch embed and early vision blocks through L, compact execution for remaining vision blocks, scatter before merger so LLM prompt geometry is unchanged.",
  "sparse_jsonl": "research/experiments/2026/artifacts/phase1_63E_track_b_frame_scaling/sparse_L2_kr050_8f.jsonl",
  "sparse_manifest": "research/benchmark_manifests/videomme_combined_v1_n60.toml",
  "sparse_summary": "research/experiments/2026/artifacts/phase1_63E_track_b_frame_scaling/sparse_L2_kr050_8f_summary.json",
  "vision_tower_keep_rate": 0.5,
  "vision_tower_layer": 2
}
