{
  "dense_accuracy": 0.21666666666666667,
  "dense_parse_failures": 22,
  "final_rss_mb": 4830.453125,
  "frame_count": 16,
  "manifest": "research/benchmark_manifests/videomme_combined_v1_n60.toml",
  "max_tokens": 32,
  "mean_decode_ms": 58806.33216666667,
  "mean_dense_end_to_end_ms": 126145.31538763334,
  "mean_dense_generate_ms": 55777.25972365001,
  "mean_dense_generation_tokens": 10.25,
  "mean_dense_generation_tps": 2826.0004235547735,
  "mean_dense_prompt_tokens": 6506.416666666667,
  "mean_dense_prompt_tps": 126.5607107363178,
  "mean_dense_vision_ms": 11408.559257683333,
  "mean_effective_keep_rate": 0.5,
  "mean_kept_groups": 3200.0,
  "mean_peak_memory_gb": 7.131306617233334,
  "mean_processor_ms": 153.16423963333332,
  "mean_total_groups": 6400.0,
  "median_dense_end_to_end_ms": 96003.539021,
  "median_dense_generate_ms": 51842.103854500005,
  "model_path": "<model:Qwen2.5-VL-7B-Instruct-4bit>",
  "n_frames": 16,
  "n_items": 60,
  "rss_guard_mb": 9000,
  "vision_tower_keep_rate": 0.5,
  "vision_tower_layer": 2,
  "vision_tower_patched": true
}
