{
  "phase": "1.55A",
  "model": "qwen2.5-vl-3b-instruct-4bit",
  "frame_count": 20,
  "n_clips": 7,
  "n_queries_per_mode": 21,
  "total_wall_ms": 1595436.096958,
  "peak_rss_gb": 3.928817664,
  "session": {
    "label": "session",
    "n": 21,
    "n_correct": 12,
    "accuracy": 0.5714285714285714,
    "mean_elapsed_ms": 18213.671041809524,
    "median_elapsed_ms": 438.65175,
    "p05_elapsed_ms": 368.16925,
    "p95_elapsed_ms": 56347.923042
  },
  "session_first_query": {
    "label": "session_first_query",
    "n": 7,
    "n_correct": 5,
    "accuracy": 0.7142857142857143,
    "mean_elapsed_ms": 53787.121095285715,
    "median_elapsed_ms": 56111.787375,
    "p05_elapsed_ms": 39694.192625,
    "p95_elapsed_ms": 59232.600666
  },
  "session_follow_up": {
    "label": "session_follow_up",
    "n": 14,
    "n_correct": 7,
    "accuracy": 0.5,
    "mean_elapsed_ms": 426.9460150714286,
    "median_elapsed_ms": 412.374542,
    "p05_elapsed_ms": 333.99775,
    "p95_elapsed_ms": 573.302709
  },
  "baseline": {
    "label": "baseline",
    "n": 21,
    "n_correct": 13,
    "accuracy": 0.6190476190476191,
    "mean_elapsed_ms": 56446.97827371428,
    "median_elapsed_ms": 56833.758417,
    "p05_elapsed_ms": 51166.652292,
    "p95_elapsed_ms": 59882.141167
  },
  "speedup_first_over_follow": 136.06995985460227,
  "mean_follow_up_prefix_coverage": 0.9928365843428038,
  "accuracy_delta_session_minus_baseline": -0.04761904761904767,
  "verdicts": {
    "H1_follow_up_speedup": {
      "earn": true,
      "reject": false,
      "median_follow_up_s": 0.412374542,
      "speedup": 136.06995985460227
    },
    "H2_accuracy_preservation": {
      "earn": true,
      "reject": false,
      "delta": -0.04761904761904767
    },
    "H3_prefix_coverage": {
      "earn": true,
      "reject": false,
      "coverage": 0.9928365843428038
    },
    "H4_peak_rss": {
      "earn": true,
      "reject": false,
      "peak_rss_gb": 3.928817664
    }
  }
}
