{
  "all": {
    "accuracy_delta_sparse_minus_dense": 0.0,
    "accuracy_delta_sparse_minus_dense_ci95": [
      0.0,
      0.0
    ],
    "actual_e2e_speedup_dense_over_sparse": 1.0350326109203674,
    "actual_minus_predicted_e2e_speedup": -0.032364516724238346,
    "choice_agreement": 1.0,
    "dense_accuracy": 0.3333333333333333,
    "dense_parse_failures": 3,
    "mean_dense_decode_ms": 56366.89956036666,
    "mean_dense_end_to_end_ms": 81743.30888673334,
    "mean_dense_generate_ms": 12612.039509733333,
    "mean_dense_processor_ms": 42.552369516666666,
    "mean_dense_vision_ms": 12721.817447116666,
    "mean_keep_rate": 0.5,
    "mean_sparse_decode_ms": 58178.37458886667,
    "mean_sparse_end_to_end_ms": 78976.55399866666,
    "mean_sparse_generate_ms": 13184.6540639,
    "mean_sparse_processor_ms": 53.10854381666666,
    "mean_sparse_vision_ms": 7560.416802083333,
    "n": 60,
    "predicted_e2e_speedup_from_vision_only": 1.0673971276446057,
    "sparse_accuracy": 0.3333333333333333,
    "sparse_parse_failures": 3,
    "vision_reduction": 0.4057125223254274,
    "vision_share_dense": 0.15563130022965554,
    "vision_speedup_dense_over_sparse": 1.6826873147537407
  },
  "by_group": {
    "long": {
      "accuracy_delta_sparse_minus_dense": 0.0,
      "accuracy_delta_sparse_minus_dense_ci95": [
        0.0,
        0.0
      ],
      "actual_e2e_speedup_dense_over_sparse": 0.989746612332995,
      "actual_minus_predicted_e2e_speedup": -0.03645704636730951,
      "choice_agreement": 1.0,
      "dense_accuracy": 0.3,
      "dense_parse_failures": 1,
      "mean_dense_decode_ms": 141699.77790195,
      "mean_dense_end_to_end_ms": 165106.7823226,
      "mean_dense_generate_ms": 11883.889091649999,
      "mean_dense_processor_ms": 41.0783499,
      "mean_dense_vision_ms": 11482.036979100001,
      "mean_keep_rate": 0.5,
      "mean_sparse_decode_ms": 146400.8191666,
      "mean_sparse_end_to_end_ms": 166817.2239897,
      "mean_sparse_generate_ms": 13089.75955835,
      "mean_sparse_processor_ms": 60.537293899999995,
      "mean_sparse_vision_ms": 7266.107970849999,
      "n": 20,
      "predicted_e2e_speedup_from_vision_only": 1.0262036587003045,
      "sparse_accuracy": 0.3,
      "sparse_parse_failures": 1,
      "vision_reduction": 0.3671760521172315,
      "vision_share_dense": 0.06954309700412789,
      "vision_speedup_dense_over_sparse": 1.5802183266699814
    },
    "medium": {
      "accuracy_delta_sparse_minus_dense": 0.0,
      "accuracy_delta_sparse_minus_dense_ci95": [
        0.0,
        0.0
      ],
      "actual_e2e_speedup_dense_over_sparse": 1.0793112861192409,
      "actual_minus_predicted_e2e_speedup": -0.03975355370726308,
      "choice_agreement": 1.0,
      "dense_accuracy": 0.4,
      "dense_parse_failures": 1,
      "mean_dense_decode_ms": 22548.419577,
      "mean_dense_end_to_end_ms": 48758.72302285,
      "mean_dense_generate_ms": 13010.6370438,
      "mean_dense_processor_ms": 45.54335845,
      "mean_dense_vision_ms": 13154.1230436,
      "mean_keep_rate": 0.5,
      "mean_sparse_decode_ms": 23248.706885450003,
      "mean_sparse_end_to_end_ms": 45175.774264499996,
      "mean_sparse_generate_ms": 13905.164595850001,
      "mean_sparse_processor_ms": 55.5484374,
      "mean_sparse_vision_ms": 7966.3543458,
      "n": 20,
      "predicted_e2e_speedup_from_vision_only": 1.119064839826504,
      "sparse_accuracy": 0.4,
      "sparse_parse_failures": 1,
      "vision_reduction": 0.3943834705365672,
      "vision_share_dense": 0.2697798922550849,
      "vision_speedup_dense_over_sparse": 1.651209885050504
    },
    "short": {
      "accuracy_delta_sparse_minus_dense": 0.0,
      "accuracy_delta_sparse_minus_dense_ci95": [
        0.0,
        0.0
      ],
      "actual_e2e_speedup_dense_over_sparse": 1.2577633335198524,
      "actual_minus_predicted_e2e_speedup": 0.017274321930386582,
      "choice_agreement": 1.0,
      "dense_accuracy": 0.3,
      "dense_parse_failures": 1,
      "mean_dense_decode_ms": 4852.50120215,
      "mean_dense_end_to_end_ms": 31364.42131475,
      "mean_dense_generate_ms": 12941.592393750001,
      "mean_dense_processor_ms": 41.0354002,
      "mean_dense_vision_ms": 13529.292318650001,
      "mean_keep_rate": 0.5,
      "mean_sparse_decode_ms": 4885.59771455,
      "mean_sparse_end_to_end_ms": 24936.6637418,
      "mean_sparse_generate_ms": 12559.038037499999,
      "mean_sparse_processor_ms": 43.23990015,
      "mean_sparse_vision_ms": 7448.788089600001,
      "n": 20,
      "predicted_e2e_speedup_from_vision_only": 1.2404890115894658,
      "sparse_accuracy": 0.3,
      "sparse_parse_failures": 1,
      "vision_reduction": 0.4494325413213286,
      "vision_share_dense": 0.4313579448152442,
      "vision_speedup_dense_over_sparse": 1.816307855171716
    }
  },
  "dense_jsonl": "research/experiments/2026/artifacts/phase1_63G_gemma_track_b/dense_16f.jsonl",
  "dense_manifest": "research/benchmark_manifests/videomme_combined_v1_n60.toml",
  "dense_summary": "research/experiments/2026/artifacts/phase1_63G_gemma_track_b/dense_16f_summary.json",
  "frame_count": 16,
  "n_paired_items": 60,
  "pass_ceiling_explained": true,
  "pass_complete_pairing": true,
  "pass_e2e_positive": true,
  "pass_fidelity": true,
  "pass_format": false,
  "pass_sparse_vision": true,
  "sparse_execution_scope": "Gemma compact post-layer vision execution: dense patch embed and early vision blocks through L, compact execution for remaining vision blocks, scatter before pooler/merger so LLM prompt geometry is unchanged.",
  "sparse_jsonl": "research/experiments/2026/artifacts/phase1_63G_gemma_track_b/sparse_L2_kr050_16f.jsonl",
  "sparse_manifest": "research/benchmark_manifests/videomme_combined_v1_n60.toml",
  "sparse_summary": "research/experiments/2026/artifacts/phase1_63G_gemma_track_b/sparse_L2_kr050_16f_summary.json",
  "vision_tower_keep_rate": 0.5,
  "vision_tower_layer": 2
}
