{
  "all": {
    "accuracy_delta_sparse_minus_dense": 0.0,
    "accuracy_delta_sparse_minus_dense_ci95": [
      0.0,
      0.0
    ],
    "actual_e2e_speedup_dense_over_sparse": 1.1015661737310605,
    "actual_minus_predicted_e2e_speedup": 0.062228106776148984,
    "choice_agreement": 1.0,
    "dense_accuracy": 0.3333333333333333,
    "dense_parse_failures": 11,
    "mean_dense_decode_ms": 56876.408345849995,
    "mean_dense_end_to_end_ms": 68226.0855513,
    "mean_dense_generate_ms": 5980.199436049999,
    "mean_dense_processor_ms": 13.469608333333333,
    "mean_dense_vision_ms": 5356.008161066667,
    "mean_keep_rate": 0.5,
    "mean_sparse_decode_ms": 53736.99184238333,
    "mean_sparse_end_to_end_ms": 61935.53068193334,
    "mean_sparse_generate_ms": 5414.4271069666665,
    "mean_sparse_processor_ms": 10.403216666666667,
    "mean_sparse_vision_ms": 2773.708515916667,
    "n": 60,
    "predicted_e2e_speedup_from_vision_only": 1.0393380669549115,
    "sparse_accuracy": 0.3333333333333333,
    "sparse_parse_failures": 11,
    "vision_reduction": 0.4821313873120997,
    "vision_share_dense": 0.07850381738579185,
    "vision_speedup_dense_over_sparse": 1.9309917139208086
  },
  "by_group": {
    "long": {
      "accuracy_delta_sparse_minus_dense": 0.0,
      "accuracy_delta_sparse_minus_dense_ci95": [
        0.0,
        0.0
      ],
      "actual_e2e_speedup_dense_over_sparse": 1.0735591686210684,
      "actual_minus_predicted_e2e_speedup": 0.0573166167935808,
      "choice_agreement": 1.0,
      "dense_accuracy": 0.45,
      "dense_parse_failures": 3,
      "mean_dense_decode_ms": 143563.98875,
      "mean_dense_end_to_end_ms": 154798.48358965,
      "mean_dense_generate_ms": 6031.4126625,
      "mean_dense_processor_ms": 17.92264995,
      "mean_dense_vision_ms": 5185.1595271999995,
      "mean_keep_rate": 0.5,
      "mean_sparse_decode_ms": 136167.21529375,
      "mean_sparse_end_to_end_ms": 144191.85091445,
      "mean_sparse_generate_ms": 5301.326337500001,
      "mean_sparse_processor_ms": 12.28586455,
      "mean_sparse_vision_ms": 2711.02341865,
      "n": 20,
      "predicted_e2e_speedup_from_vision_only": 1.0162425518274876,
      "sparse_accuracy": 0.45,
      "sparse_parse_failures": 3,
      "vision_reduction": 0.47715718206379654,
      "vision_share_dense": 0.03349619070523431,
      "vision_speedup_dense_over_sparse": 1.9126207068259253
    },
    "medium": {
      "accuracy_delta_sparse_minus_dense": 0.0,
      "accuracy_delta_sparse_minus_dense_ci95": [
        0.0,
        0.0
      ],
      "actual_e2e_speedup_dense_over_sparse": 1.2048342728331338,
      "actual_minus_predicted_e2e_speedup": 0.11452908396601114,
      "choice_agreement": 1.0,
      "dense_accuracy": 0.35,
      "dense_parse_failures": 3,
      "mean_dense_decode_ms": 22200.353016700003,
      "mean_dense_end_to_end_ms": 33602.16779345,
      "mean_dense_generate_ms": 6096.952377,
      "mean_dense_processor_ms": 11.94831655,
      "mean_dense_vision_ms": 5292.914083199999,
      "mean_keep_rate": 0.5,
      "mean_sparse_decode_ms": 20396.15815005,
      "mean_sparse_end_to_end_ms": 27889.452143849998,
      "mean_sparse_generate_ms": 4973.5833791,
      "mean_sparse_processor_ms": 9.91646885,
      "mean_sparse_vision_ms": 2509.79414585,
      "n": 20,
      "predicted_e2e_speedup_from_vision_only": 1.0903051888671227,
      "sparse_accuracy": 0.35,
      "sparse_parse_failures": 3,
      "vision_reduction": 0.5258199724389585,
      "vision_share_dense": 0.1575170422258214,
      "vision_speedup_dense_over_sparse": 2.1089036692319767
    },
    "short": {
      "accuracy_delta_sparse_minus_dense": 0.0,
      "accuracy_delta_sparse_minus_dense_ci95": [
        0.0,
        0.0
      ],
      "actual_e2e_speedup_dense_over_sparse": 1.185957198105225,
      "actual_minus_predicted_e2e_speedup": 0.005390786571087158,
      "choice_agreement": 1.0,
      "dense_accuracy": 0.2,
      "dense_parse_failures": 5,
      "mean_dense_decode_ms": 4864.8832708499995,
      "mean_dense_end_to_end_ms": 16277.6052708,
      "mean_dense_generate_ms": 5812.233268649999,
      "mean_dense_processor_ms": 10.5378585,
      "mean_dense_vision_ms": 5589.9508728,
      "mean_keep_rate": 0.5,
      "mean_sparse_decode_ms": 4647.60208335,
      "mean_sparse_end_to_end_ms": 13725.2889875,
      "mean_sparse_generate_ms": 5968.3716043,
      "mean_sparse_processor_ms": 9.0073166,
      "mean_sparse_vision_ms": 3100.30798325,
      "n": 20,
      "predicted_e2e_speedup_from_vision_only": 1.1805664115341379,
      "sparse_accuracy": 0.2,
      "sparse_parse_failures": 5,
      "vision_reduction": 0.4453783130124256,
      "vision_share_dense": 0.34341359062365745,
      "vision_speedup_dense_over_sparse": 1.8030308288727335
    }
  },
  "dense_jsonl": "research/experiments/2026/artifacts/phase1_63G_gemma_track_b/dense_8f.jsonl",
  "dense_manifest": "research/benchmark_manifests/videomme_combined_v1_n60.toml",
  "dense_summary": "research/experiments/2026/artifacts/phase1_63G_gemma_track_b/dense_8f_summary.json",
  "frame_count": 8,
  "n_paired_items": 60,
  "pass_ceiling_explained": false,
  "pass_complete_pairing": true,
  "pass_e2e_positive": true,
  "pass_fidelity": true,
  "pass_format": false,
  "pass_sparse_vision": true,
  "sparse_execution_scope": "Gemma compact post-layer vision execution: dense patch embed and early vision blocks through L, compact execution for remaining vision blocks, scatter before pooler/merger so LLM prompt geometry is unchanged.",
  "sparse_jsonl": "research/experiments/2026/artifacts/phase1_63G_gemma_track_b/sparse_L2_kr050_8f.jsonl",
  "sparse_manifest": "research/benchmark_manifests/videomme_combined_v1_n60.toml",
  "sparse_summary": "research/experiments/2026/artifacts/phase1_63G_gemma_track_b/sparse_L2_kr050_8f_summary.json",
  "vision_tower_keep_rate": 0.5,
  "vision_tower_layer": 2
}
