{
  "all": {
    "accuracy_delta_sparse_minus_dense": 0.0,
    "accuracy_delta_sparse_minus_dense_ci95": [
      0.0,
      0.0
    ],
    "actual_e2e_speedup_dense_over_sparse": 1.126003380764751,
    "actual_minus_predicted_e2e_speedup": 0.008796988566811548,
    "choice_agreement": 1.0,
    "dense_accuracy": 0.4666666666666667,
    "dense_parse_failures": 4,
    "mean_dense_decode_ms": 53968.2703327,
    "mean_dense_end_to_end_ms": 85333.67302080001,
    "mean_dense_generate_ms": 10644.887415983334,
    "mean_dense_processor_ms": 67.44040828333333,
    "mean_dense_vision_ms": 20653.07486383333,
    "mean_keep_rate": 0.5,
    "mean_sparse_decode_ms": 53659.310160383335,
    "mean_sparse_end_to_end_ms": 75784.56199913334,
    "mean_sparse_generate_ms": 10365.420877033333,
    "mean_sparse_processor_ms": 59.13232631666666,
    "mean_sparse_vision_ms": 11700.6986354,
    "n": 60,
    "predicted_e2e_speedup_from_vision_only": 1.1172063921979394,
    "sparse_accuracy": 0.4666666666666667,
    "sparse_parse_failures": 4,
    "vision_reduction": 0.4334645706490079,
    "vision_share_dense": 0.2420272576196171,
    "vision_speedup_dense_over_sparse": 1.7651146745501396
  },
  "by_group": {
    "long": {
      "accuracy_delta_sparse_minus_dense": 0.0,
      "accuracy_delta_sparse_minus_dense_ci95": [
        0.0,
        0.0
      ],
      "actual_e2e_speedup_dense_over_sparse": 1.0601093452266583,
      "actual_minus_predicted_e2e_speedup": 0.01030068150788832,
      "choice_agreement": 1.0,
      "dense_accuracy": 0.5,
      "dense_parse_failures": 2,
      "mean_dense_decode_ms": 135817.76864179998,
      "mean_dense_end_to_end_ms": 163988.70976675002,
      "mean_dense_generate_ms": 10022.4335083,
      "mean_dense_processor_ms": 74.7660937,
      "mean_dense_vision_ms": 18073.74152295,
      "mean_keep_rate": 0.5,
      "mean_sparse_decode_ms": 135032.64438545,
      "mean_sparse_end_to_end_ms": 154690.37274800002,
      "mean_sparse_generate_ms": 9298.9630062,
      "mean_sparse_processor_ms": 65.54497095,
      "mean_sparse_vision_ms": 10293.2203854,
      "n": 20,
      "predicted_e2e_speedup_from_vision_only": 1.04980866371877,
      "sparse_accuracy": 0.5,
      "sparse_parse_failures": 2,
      "vision_reduction": 0.43048757379153124,
      "vision_share_dense": 0.11021332839716379,
      "vision_speedup_dense_over_sparse": 1.755887938490656
    },
    "medium": {
      "accuracy_delta_sparse_minus_dense": 0.0,
      "accuracy_delta_sparse_minus_dense_ci95": [
        0.0,
        0.0
      ],
      "actual_e2e_speedup_dense_over_sparse": 1.2328866129751173,
      "actual_minus_predicted_e2e_speedup": 0.015189145582153563,
      "choice_agreement": 1.0,
      "dense_accuracy": 0.5,
      "dense_parse_failures": 2,
      "mean_dense_decode_ms": 21137.50731885,
      "mean_dense_end_to_end_ms": 53437.92812904999,
      "mean_dense_generate_ms": 10941.7797646,
      "mean_dense_processor_ms": 63.679149949999996,
      "mean_dense_vision_ms": 21294.961895649998,
      "mean_keep_rate": 0.5,
      "mean_sparse_decode_ms": 20948.0988937,
      "mean_sparse_end_to_end_ms": 43343.749187199996,
      "mean_sparse_generate_ms": 10594.24768325,
      "mean_sparse_processor_ms": 59.96441645,
      "mean_sparse_vision_ms": 11741.438193799999,
      "n": 20,
      "predicted_e2e_speedup_from_vision_only": 1.2176974673929637,
      "sparse_accuracy": 0.5,
      "sparse_parse_failures": 2,
      "vision_reduction": 0.44862835391133216,
      "vision_share_dense": 0.39849901822959344,
      "vision_speedup_dense_over_sparse": 1.8136587310824226
    },
    "short": {
      "accuracy_delta_sparse_minus_dense": 0.0,
      "accuracy_delta_sparse_minus_dense_ci95": [
        0.0,
        0.0
      ],
      "actual_e2e_speedup_dense_over_sparse": 1.3156532984176152,
      "actual_minus_predicted_e2e_speedup": -0.012149062377972752,
      "choice_agreement": 1.0,
      "dense_accuracy": 0.4,
      "dense_parse_failures": 0,
      "mean_dense_decode_ms": 4949.535037449999,
      "mean_dense_end_to_end_ms": 38574.3811666,
      "mean_dense_generate_ms": 10970.44897505,
      "mean_dense_processor_ms": 63.8759812,
      "mean_dense_vision_ms": 22590.5211729,
      "mean_keep_rate": 0.5,
      "mean_sparse_decode_ms": 4997.187201999999,
      "mean_sparse_end_to_end_ms": 29319.5640622,
      "mean_sparse_generate_ms": 11203.05194165,
      "mean_sparse_processor_ms": 51.88759155,
      "mean_sparse_vision_ms": 13067.437327,
      "n": 20,
      "predicted_e2e_speedup_from_vision_only": 1.327802360795588,
      "sparse_accuracy": 0.4,
      "sparse_parse_failures": 0,
      "vision_reduction": 0.42155219762366813,
      "vision_share_dense": 0.5856353488947276,
      "vision_speedup_dense_over_sparse": 1.7287644553093329
    }
  },
  "dense_jsonl": "research/experiments/2026/artifacts/phase1_63G_gemma_track_b/dense_32f.jsonl",
  "dense_manifest": "research/benchmark_manifests/videomme_combined_v1_n60.toml",
  "dense_summary": "research/experiments/2026/artifacts/phase1_63G_gemma_track_b/dense_32f_summary.json",
  "frame_count": 32,
  "n_paired_items": 60,
  "pass_ceiling_explained": true,
  "pass_complete_pairing": true,
  "pass_e2e_positive": true,
  "pass_fidelity": true,
  "pass_format": false,
  "pass_sparse_vision": true,
  "sparse_execution_scope": "Gemma compact post-layer vision execution: dense patch embed and early vision blocks through L, compact execution for remaining vision blocks, scatter before pooler/merger so LLM prompt geometry is unchanged.",
  "sparse_jsonl": "research/experiments/2026/artifacts/phase1_63G_gemma_track_b/sparse_L2_kr050_32f.jsonl",
  "sparse_manifest": "research/benchmark_manifests/videomme_combined_v1_n60.toml",
  "sparse_summary": "research/experiments/2026/artifacts/phase1_63G_gemma_track_b/sparse_L2_kr050_32f_summary.json",
  "vision_tower_keep_rate": 0.5,
  "vision_tower_layer": 2
}
