{
  "agreement": 1.0,
  "anchor_arm": "none",
  "dense_accuracy": 0.26666666666666666,
  "dense_parse_failures": 0,
  "effective_keep_ratio": 1.0,
  "end_to_end_speedup_mean": 1.04605545335491,
  "frame_count": 8,
  "generate_speedup_mean": 1.1129144599205076,
  "keep_rate": 1.0,
  "manifest": "research/benchmark_manifests/tomato_motion_holdout_v2.toml",
  "max_tokens": 32,
  "mean_decode_ms": 3404.2987055999997,
  "mean_dense_end_to_end_ms": 20413.35520276667,
  "mean_dense_generate_ms": 9086.054081899998,
  "mean_dense_generation_tokens": 14.0,
  "mean_dense_generation_tps": 40.407938047197604,
  "mean_dense_prompt_tokens": 2182.233333333333,
  "mean_dense_vision_ms": 7837.362754133334,
  "mean_kept_tokens_total": 2048.0,
  "mean_processor_ms": 85.63966113333332,
  "mean_pruned_end_to_end_ms": 19514.601388766663,
  "mean_pruned_generate_ms": 8164.198066533334,
  "mean_pruned_generation_tokens": 14.0,
  "mean_pruned_generation_tps": 39.99851899456633,
  "mean_pruned_mask_ms": 1.4943110666666668,
  "mean_pruned_novelty_ms": 16.370068166666666,
  "mean_pruned_prompt_tokens": 2182.233333333333,
  "mean_pruned_prune_ms": 5.237822133333333,
  "median_dense_end_to_end_ms": 21108.4138545,
  "median_dense_generate_ms": 8658.110854499999,
  "median_pruned_end_to_end_ms": 20222.300187,
  "median_pruned_generate_ms": 7583.151583,
  "model_path": "<model:gemma-4-e4b-it-4bit>",
  "n_frames": 8,
  "n_items": 30,
  "per_token_generate_speedup_mean": 1.1129144599205079,
  "pruned_accuracy": 0.26666666666666666,
  "pruned_parse_failures": 0,
  "tokens_per_frame_baseline": 256,
  "vision_tower_keep_rate": null,
  "vision_tower_layer": null,
  "vision_tower_patched": false
}
