{
  "phase": "1.55A",
  "model": "qwen2.5-vl-7b-instruct-4bit",
  "frame_count": 32,
  "n_clips": 7,
  "n_queries_per_mode": 21,
  "total_wall_ms": 4573420.71675,
  "peak_rss_gb": 2.495676416,
  "session": {
    "label": "session",
    "n": 21,
    "n_correct": 9,
    "accuracy": 0.42857142857142855,
    "mean_elapsed_ms": 55106.85933528571,
    "median_elapsed_ms": 1180.200208,
    "p05_elapsed_ms": 797.358542,
    "p95_elapsed_ms": 182597.112083
  },
  "session_first_query": {
    "label": "session_first_query",
    "n": 7,
    "n_correct": 7,
    "accuracy": 1.0,
    "mean_elapsed_ms": 163228.9411962857,
    "median_elapsed_ms": 151098.924625,
    "p05_elapsed_ms": 144825.726875,
    "p95_elapsed_ms": 190880.438875
  },
  "session_follow_up": {
    "label": "session_follow_up",
    "n": 14,
    "n_correct": 2,
    "accuracy": 0.14285714285714285,
    "mean_elapsed_ms": 1045.8184047857144,
    "median_elapsed_ms": 1008.119667,
    "p05_elapsed_ms": 757.56875,
    "p95_elapsed_ms": 1486.200459
  },
  "baseline": {
    "label": "baseline",
    "n": 21,
    "n_correct": 18,
    "accuracy": 0.8571428571428571,
    "mean_elapsed_ms": 160855.45285523808,
    "median_elapsed_ms": 149067.201334,
    "p05_elapsed_ms": 144417.26125,
    "p95_elapsed_ms": 183657.356583
  },
  "speedup_first_over_follow": 149.8819332377929,
  "mean_follow_up_prefix_coverage": 0.9955069603100585,
  "accuracy_delta_session_minus_baseline": -0.42857142857142855,
  "verdicts": {
    "H1_follow_up_speedup": {
      "earn": true,
      "reject": false,
      "median_follow_up_s": 1.008119667,
      "speedup": 149.8819332377929
    },
    "H2_accuracy_preservation": {
      "earn": false,
      "reject": true,
      "delta": -0.42857142857142855
    },
    "H3_prefix_coverage": {
      "earn": true,
      "reject": false,
      "coverage": 0.9955069603100585
    },
    "H4_peak_rss": {
      "earn": true,
      "reject": false,
      "peak_rss_gb": 2.495676416
    }
  }
}
