{
  "agreement": 0.5,
  "anchor_arm": "gemma_structural",
  "dense_accuracy": 0.4,
  "dense_parse_failures": 4,
  "effective_keep_ratio": 0.25,
  "end_to_end_speedup_mean": 1.0669210593670875,
  "frame_count": 8,
  "generate_speedup_mean": 1.6103868115667541,
  "keep_rate": 0.25,
  "manifest": "research/benchmark_manifests/videomme_dev_v1.toml",
  "max_tokens": 32,
  "mean_decode_ms": 27274.875451366668,
  "mean_dense_end_to_end_ms": 39565.64031116667,
  "mean_dense_generate_ms": 6586.3735931,
  "mean_dense_generation_tokens": 21.0,
  "mean_dense_generation_tps": 39.36887105139733,
  "mean_dense_prompt_tokens": 2180.6666666666665,
  "mean_dense_vision_ms": 5643.5474693999995,
  "mean_kept_tokens_total": 512.0,
  "mean_processor_ms": 60.84379730000001,
  "mean_pruned_end_to_end_ms": 37083.943524966664,
  "mean_pruned_generate_ms": 4089.932645866667,
  "mean_pruned_generation_tokens": 22.0,
  "mean_pruned_generation_tps": 38.87472756369871,
  "mean_pruned_mask_ms": 0.35646386666666674,
  "mean_pruned_novelty_ms": 12.716327833333333,
  "mean_pruned_prompt_tokens": 644.6666666666666,
  "mean_pruned_prune_ms": 1.6713693333333333,
  "median_dense_end_to_end_ms": 21901.0047495,
  "median_dense_generate_ms": 6143.4853330000005,
  "median_pruned_end_to_end_ms": 19406.0901455,
  "median_pruned_generate_ms": 3861.990812,
  "model_path": "<model:gemma-4-e4b-it-4bit>",
  "n_frames": 8,
  "n_items": 30,
  "per_token_generate_speedup_mean": 1.6870718978318378,
  "pruned_accuracy": 0.26666666666666666,
  "pruned_parse_failures": 3,
  "tokens_per_frame_baseline": 256
}
