{
  "agreement": 0.5333333333333333,
  "anchor_arm": "gemma_structural",
  "dense_accuracy": 0.4,
  "dense_parse_failures": 4,
  "effective_keep_ratio": 0.5,
  "end_to_end_speedup_mean": 0.9953015605522169,
  "frame_count": 8,
  "generate_speedup_mean": 0.9766892554215238,
  "keep_rate": 0.5,
  "manifest": "research/benchmark_manifests/videomme_dev_v1.toml",
  "max_tokens": 32,
  "mean_decode_ms": 28774.492784733335,
  "mean_dense_end_to_end_ms": 43468.745622099996,
  "mean_dense_generate_ms": 7809.479448633333,
  "mean_dense_generation_tokens": 21.0,
  "mean_dense_generation_tps": 36.87303296097709,
  "mean_dense_prompt_tokens": 2180.6666666666665,
  "mean_dense_vision_ms": 6811.7342291,
  "mean_kept_tokens_total": 1024.0,
  "mean_processor_ms": 73.03915963333333,
  "mean_pruned_end_to_end_ms": 43673.94500816668,
  "mean_pruned_generate_ms": 7995.869111166667,
  "mean_pruned_generation_tokens": 24.0,
  "mean_pruned_generation_tps": 35.04058226760887,
  "mean_pruned_mask_ms": 2.0263625,
  "mean_pruned_novelty_ms": 13.2023124,
  "mean_pruned_prompt_tokens": 1156.6666666666667,
  "mean_pruned_prune_ms": 3.5810486333333333,
  "median_dense_end_to_end_ms": 22691.640062,
  "median_dense_generate_ms": 7883.324603999999,
  "median_pruned_end_to_end_ms": 23804.797395499998,
  "median_pruned_generate_ms": 8418.785104499999,
  "model_path": "<model:gemma-4-e4b-it-4bit>",
  "n_frames": 8,
  "n_items": 30,
  "per_token_generate_speedup_mean": 1.1162162919103131,
  "pruned_accuracy": 0.36666666666666664,
  "pruned_parse_failures": 3,
  "tokens_per_frame_baseline": 256
}
