{
  "agreement": 0.4666666666666667,
  "anchor_arm": "none",
  "dense_accuracy": 0.4,
  "dense_parse_failures": 4,
  "effective_keep_ratio": 0.09765625,
  "end_to_end_speedup_mean": 1.1223893970085523,
  "frame_count": 8,
  "generate_speedup_mean": 2.619464646659025,
  "keep_rate": 0.1,
  "manifest": "research/benchmark_manifests/videomme_dev_v1.toml",
  "max_tokens": 32,
  "mean_decode_ms": 27366.078183333335,
  "mean_dense_end_to_end_ms": 40879.31992893332,
  "mean_dense_generate_ms": 7235.310288766666,
  "mean_dense_generation_tokens": 21.0,
  "mean_dense_generation_tps": 36.943792050257294,
  "mean_dense_prompt_tokens": 2180.6666666666665,
  "mean_dense_vision_ms": 6209.823823599999,
  "mean_kept_tokens_total": 200.0,
  "mean_processor_ms": 68.10763323333335,
  "mean_pruned_end_to_end_ms": 36421.691115300004,
  "mean_pruned_generate_ms": 2762.1332084000005,
  "mean_pruned_generation_tokens": 21.566666666666666,
  "mean_pruned_generation_tps": 38.04182695421806,
  "mean_pruned_mask_ms": 0.7643555999999999,
  "mean_pruned_novelty_ms": 12.634298666666666,
  "mean_pruned_prompt_tokens": 332.6666666666667,
  "mean_pruned_prune_ms": 2.149612466666667,
  "median_dense_end_to_end_ms": 22920.0,
  "median_dense_generate_ms": 7303.5703955,
  "median_pruned_end_to_end_ms": 18072.869397,
  "median_pruned_generate_ms": 3058.0988545,
  "model_path": "/Users/jfb/models/gemma-4-e4b-it-4bit",
  "n_frames": 8,
  "n_items": 30,
  "per_token_generate_speedup_mean": 2.690148613314904,
  "pruned_accuracy": 0.3,
  "pruned_parse_failures": 4,
  "tokens_per_frame_baseline": 256
}
