{
  "agreement": 0.4666666666666667,
  "anchor_arm": "none",
  "dense_accuracy": 0.4,
  "dense_parse_failures": 4,
  "effective_keep_ratio": 0.5,
  "end_to_end_speedup_mean": 1.0011477839275993,
  "frame_count": 8,
  "generate_speedup_mean": 1.0093184196906047,
  "keep_rate": 0.5,
  "manifest": "research/benchmark_manifests/videomme_dev_v1.toml",
  "max_tokens": 32,
  "mean_decode_ms": 26475.65509316666,
  "mean_dense_end_to_end_ms": 38257.06184979999,
  "mean_dense_generate_ms": 6380.023523366666,
  "mean_dense_vision_ms": 5338.689443099999,
  "mean_kept_tokens_total": 1024.0,
  "mean_processor_ms": 62.69379016666666,
  "mean_pruned_end_to_end_ms": 38213.20135146666,
  "mean_pruned_generate_ms": 6321.120668066666,
  "mean_pruned_mask_ms": 0.8223903333333331,
  "mean_pruned_novelty_ms": 12.073280533333332,
  "mean_pruned_prune_ms": 2.1466860999999997,
  "median_dense_end_to_end_ms": 18395.9322695,
  "median_dense_generate_ms": 6265.330667,
  "median_pruned_end_to_end_ms": 19233.886624500003,
  "median_pruned_generate_ms": 5870.7049585,
  "model_path": "<model:gemma-4-e4b-it-4bit>",
  "n_frames": 8,
  "n_items": 30,
  "pruned_accuracy": 0.3,
  "pruned_parse_failures": 5,
  "tokens_per_frame_baseline": 256
}
