{
  "agreement": 0.6333333333333333,
  "anchor_arm": "gemma_structural",
  "dense_accuracy": 0.4,
  "dense_parse_failures": 4,
  "effective_keep_ratio": 0.328125,
  "end_to_end_speedup_mean": 1.0455587149751653,
  "frame_count": 8,
  "generate_speedup_mean": 1.3471833927057046,
  "keep_rate": 0.33,
  "manifest": "research/benchmark_manifests/videomme_dev_v1.toml",
  "max_tokens": 32,
  "mean_decode_ms": 27893.64558596667,
  "mean_dense_end_to_end_ms": 40961.44880816667,
  "mean_dense_generate_ms": 6985.141840333335,
  "mean_dense_generation_tokens": 21.0,
  "mean_dense_generation_tps": 38.49622699511261,
  "mean_dense_prompt_tokens": 2180.6666666666665,
  "mean_dense_vision_ms": 6021.4425361,
  "mean_kept_tokens_total": 672.0,
  "mean_processor_ms": 61.21884576666666,
  "mean_pruned_end_to_end_ms": 39176.6126775,
  "mean_pruned_generate_ms": 5184.9969931,
  "mean_pruned_generation_tokens": 22.0,
  "mean_pruned_generation_tps": 37.53204029522169,
  "mean_pruned_mask_ms": 0.37549166666666667,
  "mean_pruned_novelty_ms": 12.965324933333335,
  "mean_pruned_prompt_tokens": 804.6666666666666,
  "mean_pruned_prune_ms": 1.9678999666666668,
  "median_dense_end_to_end_ms": 21507.0294995,
  "median_dense_generate_ms": 6337.005646,
  "median_pruned_end_to_end_ms": 19830.834249,
  "median_pruned_generate_ms": 4993.71375,
  "model_path": "<model:gemma-4-e4b-it-4bit>",
  "n_frames": 8,
  "n_items": 30,
  "per_token_generate_speedup_mean": 1.4113349828345474,
  "pruned_accuracy": 0.3333333333333333,
  "pruned_parse_failures": 2,
  "tokens_per_frame_baseline": 256
}
