{
  "agreement": 0.4666666666666667,
  "anchor_arm": "max_min_diversity",
  "dense_accuracy": 0.4,
  "dense_parse_failures": 4,
  "effective_keep_ratio": 0.5,
  "end_to_end_speedup_mean": 0.9786504759435958,
  "frame_count": 8,
  "generate_speedup_mean": 0.9291908253804136,
  "keep_rate": 0.5,
  "manifest": "research/benchmark_manifests/videomme_dev_v1.toml",
  "max_tokens": 32,
  "mean_decode_ms": 28486.5286348,
  "mean_dense_end_to_end_ms": 41506.8358752,
  "mean_dense_generate_ms": 6926.5322015,
  "mean_dense_generation_tokens": 21.0,
  "mean_dense_generation_tps": 38.12595979185622,
  "mean_dense_prompt_tokens": 2180.6666666666665,
  "mean_dense_vision_ms": 6035.771705600001,
  "mean_kept_tokens_total": 1024.0,
  "mean_processor_ms": 58.0033333,
  "mean_pruned_end_to_end_ms": 42412.318693433335,
  "mean_pruned_generate_ms": 7454.369987633333,
  "mean_pruned_generation_tokens": 22.0,
  "mean_pruned_generation_tps": 37.5719794322415,
  "mean_pruned_mask_ms": 362.2717278333333,
  "mean_pruned_novelty_ms": 12.723762599999999,
  "mean_pruned_prompt_tokens": 1156.6666666666667,
  "mean_pruned_prune_ms": 2.6495416666666665,
  "median_dense_end_to_end_ms": 23285.396936999998,
  "median_dense_generate_ms": 6938.441875,
  "median_pruned_end_to_end_ms": 24476.506312,
  "median_pruned_generate_ms": 7644.351667,
  "model_path": "<model:gemma-4-e4b-it-4bit>",
  "n_frames": 8,
  "n_items": 30,
  "per_token_generate_speedup_mean": 0.9734380075413854,
  "pruned_accuracy": 0.36666666666666664,
  "pruned_parse_failures": 4,
  "tokens_per_frame_baseline": 256
}
