{
  "agreement": 0.43333333333333335,
  "anchor_arm": "nuwa_pillar",
  "dense_accuracy": 0.4,
  "dense_parse_failures": 4,
  "effective_keep_ratio": 0.5,
  "end_to_end_speedup_mean": 0.9948088098201321,
  "frame_count": 8,
  "generate_speedup_mean": 0.9743338839654442,
  "keep_rate": 0.5,
  "manifest": "research/benchmark_manifests/videomme_dev_v1.toml",
  "max_tokens": 32,
  "mean_decode_ms": 28089.888609633326,
  "mean_dense_end_to_end_ms": 41198.74137783333,
  "mean_dense_generate_ms": 6999.148330666666,
  "mean_dense_generation_tokens": 21.0,
  "mean_dense_generation_tps": 38.923147719878855,
  "mean_dense_prompt_tokens": 2180.6666666666665,
  "mean_dense_vision_ms": 6044.307197200001,
  "mean_kept_tokens_total": 1024.0,
  "mean_processor_ms": 65.39724033333334,
  "mean_pruned_end_to_end_ms": 41413.72791549999,
  "mean_pruned_generate_ms": 7183.521425100001,
  "mean_pruned_generation_tokens": 24.933333333333334,
  "mean_pruned_generation_tps": 35.71526982803068,
  "mean_pruned_mask_ms": 15.0859833,
  "mean_pruned_novelty_ms": 12.67572653333333,
  "mean_pruned_prompt_tokens": 1156.6666666666667,
  "mean_pruned_prune_ms": 2.8517334,
  "median_dense_end_to_end_ms": 22029.424834,
  "median_dense_generate_ms": 6844.7707709999995,
  "median_pruned_end_to_end_ms": 21150.3572095,
  "median_pruned_generate_ms": 7252.6625415,
  "model_path": "/Users/jfb/models/gemma-4-e4b-it-4bit",
  "n_frames": 8,
  "n_items": 30,
  "per_token_generate_speedup_mean": 1.1568281669938927,
  "pruned_accuracy": 0.23333333333333334,
  "pruned_parse_failures": 5,
  "tokens_per_frame_baseline": 256
}
