{
  "phase": "1.55A",
  "model": "qwen2.5-vl-3b-instruct-4bit",
  "frame_count": 32,
  "n_clips": 7,
  "n_queries_per_mode": 21,
  "total_wall_ms": 2972087.9035,
  "peak_rss_gb": 4.58153984,
  "session": {
    "label": "session",
    "n": 21,
    "n_correct": 10,
    "accuracy": 0.47619047619047616,
    "mean_elapsed_ms": 33743.737293619044,
    "median_elapsed_ms": 614.4275,
    "p05_elapsed_ms": 461.327167,
    "p95_elapsed_ms": 111291.444125
  },
  "session_first_query": {
    "label": "session_first_query",
    "n": 7,
    "n_correct": 5,
    "accuracy": 0.7142857142857143,
    "mean_elapsed_ms": 100172.53980942858,
    "median_elapsed_ms": 102994.979041,
    "p05_elapsed_ms": 69618.782584,
    "p95_elapsed_ms": 115076.523375
  },
  "session_follow_up": {
    "label": "session_follow_up",
    "n": 14,
    "n_correct": 5,
    "accuracy": 0.35714285714285715,
    "mean_elapsed_ms": 529.3360357142857,
    "median_elapsed_ms": 483.510709,
    "p05_elapsed_ms": 442.295125,
    "p95_elapsed_ms": 687.18
  },
  "baseline": {
    "label": "baseline",
    "n": 21,
    "n_correct": 14,
    "accuracy": 0.6666666666666666,
    "mean_elapsed_ms": 105971.37337890475,
    "median_elapsed_ms": 107120.99075,
    "p05_elapsed_ms": 97944.395542,
    "p95_elapsed_ms": 114621.593041
  },
  "speedup_first_over_follow": 213.01488700015534,
  "mean_follow_up_prefix_coverage": 0.9955069603100585,
  "accuracy_delta_session_minus_baseline": -0.19047619047619047,
  "verdicts": {
    "H1_follow_up_speedup": {
      "earn": true,
      "reject": false,
      "median_follow_up_s": 0.48351070900000004,
      "speedup": 213.01488700015534
    },
    "H2_accuracy_preservation": {
      "earn": false,
      "reject": true,
      "delta": -0.19047619047619047
    },
    "H3_prefix_coverage": {
      "earn": true,
      "reject": false,
      "coverage": 0.9955069603100585
    },
    "H4_peak_rss": {
      "earn": true,
      "reject": false,
      "peak_rss_gb": 4.58153984
    }
  }
}
