{
  "talking_head_h264.mp4": {
    "video": "talking_head_h264.mp4",
    "n_frames": 150,
    "n_analyzed": 145,
    "dimensions": "1280x720",
    "mbs_per_frame": 3600,
    "decode_ms_per_frame": 2.5027144466730533,
    "classify_ms_per_frame": 36.23264999999986,
    "aggregate": {
      "pixel_diff": {
        "STATIC": 0.9822183908045977,
        "SHIFTED": 0.014296934865900383,
        "NOVEL": 0.003484674329501916,
        "cacheable": 0.996515325670498
      },
      "mv_residual": {
        "STATIC": 0.868927203065134,
        "SHIFTED": 0.06933333333333333,
        "NOVEL": 0.06173946360153257,
        "cacheable": 0.9382605363984674
      },
      "mv_only": {
        "STATIC": 0.8729233716475095,
        "SHIFTED": 0.08261494252873564,
        "NOVEL": 0.04446168582375479,
        "cacheable": 0.9555383141762452
      }
    },
    "agreement_pd_mvres": 0.8740287356321839,
    "intra_rate": 0.04446168582375479
  },
  "surveillance.mp4": {
    "video": "surveillance.mp4",
    "n_frames": 150,
    "n_analyzed": 148,
    "dimensions": "1280x720",
    "mbs_per_frame": 3600,
    "decode_ms_per_frame": 5.656788333314276,
    "classify_ms_per_frame": 38.09543806083467,
    "aggregate": {
      "pixel_diff": {
        "STATIC": 0.8109459459459459,
        "SHIFTED": 0.08970533033033033,
        "NOVEL": 0.09934872372372372,
        "cacheable": 0.9006512762762763
      },
      "mv_residual": {
        "STATIC": 0.7454410660660661,
        "SHIFTED": 0.0371996996996997,
        "NOVEL": 0.21735923423423423,
        "cacheable": 0.7826407657657658
      },
      "mv_only": {
        "STATIC": 0.8001876876876877,
        "SHIFTED": 0.13472597597597596,
        "NOVEL": 0.06508633633633634,
        "cacheable": 0.9349136636636637
      }
    },
    "agreement_pd_mvres": 0.8450412912912912,
    "intra_rate": 0.06508633633633634
  },
  "fpv_drone_h264.mp4": {
    "video": "fpv_drone_h264.mp4",
    "n_frames": 150,
    "n_analyzed": 145,
    "dimensions": "1280x720",
    "mbs_per_frame": 3600,
    "decode_ms_per_frame": 4.158800560010907,
    "classify_ms_per_frame": 29.76097672412991,
    "aggregate": {
      "pixel_diff": {
        "STATIC": 0.41242528735632183,
        "SHIFTED": 0.29112835249042146,
        "NOVEL": 0.2964463601532567,
        "cacheable": 0.7035536398467432
      },
      "mv_residual": {
        "STATIC": 0.06551724137931035,
        "SHIFTED": 0.3221934865900383,
        "NOVEL": 0.6122892720306513,
        "cacheable": 0.38771072796934863
      },
      "mv_only": {
        "STATIC": 0.07874329501915708,
        "SHIFTED": 0.5580191570881226,
        "NOVEL": 0.3632375478927203,
        "cacheable": 0.6367624521072797
      }
    },
    "agreement_pd_mvres": 0.40176628352490423,
    "intra_rate": 0.3632375478927203
  }
}