{
  "agreement": 0.9666666666666667,
  "anchor_arm": "none",
  "dense_accuracy": 0.4666666666666667,
  "dense_parse_failures": 1,
  "effective_keep_ratio": 1.0,
  "end_to_end_speedup_mean": 1.0557423835840587,
  "frame_count": 8,
  "generate_speedup_mean": 1.1164548669679026,
  "keep_rate": 1.0,
  "manifest": "research/benchmark_manifests/mvbench_motion_holdout_v2.toml",
  "max_tokens": 32,
  "mean_decode_ms": 439.4256279,
  "mean_dense_end_to_end_ms": 16936.87403493333,
  "mean_dense_generate_ms": 8913.960744466667,
  "mean_dense_generation_tokens": 17.0,
  "mean_dense_generation_tps": 36.24381723700127,
  "mean_dense_prompt_tokens": 2159.733333333333,
  "mean_dense_vision_ms": 7430.102222266666,
  "mean_kept_tokens_total": 2048.0,
  "mean_processor_ms": 153.38544030000003,
  "mean_pruned_end_to_end_ms": 16042.6201489,
  "mean_pruned_generate_ms": 7984.165780633332,
  "mean_pruned_generation_tokens": 17.0,
  "mean_pruned_generation_tps": 36.10601123778303,
  "mean_pruned_mask_ms": 1.8488638333333332,
  "mean_pruned_novelty_ms": 27.187850066666666,
  "mean_pruned_prompt_tokens": 2159.733333333333,
  "mean_pruned_prune_ms": 6.5043638999999995,
  "median_dense_end_to_end_ms": 17098.853959,
  "median_dense_generate_ms": 9060.5712715,
  "median_pruned_end_to_end_ms": 16228.904417000002,
  "median_pruned_generate_ms": 7364.148042,
  "model_path": "<model:gemma-4-e4b-it-4bit>",
  "n_frames": 8,
  "n_items": 30,
  "per_token_generate_speedup_mean": 1.1164548669679026,
  "pruned_accuracy": 0.4666666666666667,
  "pruned_parse_failures": 1,
  "tokens_per_frame_baseline": 256,
  "vision_tower_keep_rate": null,
  "vision_tower_layer": null,
  "vision_tower_patched": false
}
