{
  "agreement": 0.9666666666666667,
  "anchor_arm": "none",
  "dense_accuracy": 0.43333333333333335,
  "dense_parse_failures": 1,
  "effective_keep_ratio": 1.0,
  "end_to_end_speedup_mean": 1.3219871548786502,
  "frame_count": 8,
  "generate_speedup_mean": 1.5976353103227576,
  "keep_rate": 1.0,
  "manifest": "research/benchmark_manifests/mvbench_motion_holdout_v2.toml",
  "max_tokens": 32,
  "mean_decode_ms": 710.5178541666667,
  "mean_dense_end_to_end_ms": 20504.64969993334,
  "mean_dense_generate_ms": 13484.265931866667,
  "mean_dense_generation_tokens": 18.0,
  "mean_dense_generation_tps": 32.69794209384908,
  "mean_dense_prompt_tokens": 2159.733333333333,
  "mean_dense_vision_ms": 5876.151274966666,
  "mean_kept_tokens_total": 2048.0,
  "mean_processor_ms": 433.71463893333345,
  "mean_pruned_end_to_end_ms": 15510.475744233334,
  "mean_pruned_generate_ms": 8440.140152599999,
  "mean_pruned_generation_tokens": 18.0,
  "mean_pruned_generation_tps": 32.53792477332789,
  "mean_pruned_mask_ms": 13.512454100000001,
  "mean_pruned_novelty_ms": 24.2955653,
  "mean_pruned_prompt_tokens": 2159.733333333333,
  "mean_pruned_prune_ms": 12.143804166666664,
  "median_dense_end_to_end_ms": 17774.9554375,
  "median_dense_generate_ms": 10806.011229,
  "median_pruned_end_to_end_ms": 15532.401667499998,
  "median_pruned_generate_ms": 8331.261458,
  "model_path": "<model:gemma-4-e4b-it-4bit>",
  "n_frames": 8,
  "n_items": 30,
  "per_token_generate_speedup_mean": 1.5976353103227574,
  "pruned_accuracy": 0.43333333333333335,
  "pruned_parse_failures": 1,
  "tokens_per_frame_baseline": 256,
  "vision_tower_keep_rate": 0.5,
  "vision_tower_layer": 2,
  "vision_tower_patched": true
}
