{
  "agreement": 0.9666666666666667,
  "anchor_arm": "none",
  "dense_accuracy": 0.4666666666666667,
  "dense_parse_failures": 1,
  "effective_keep_ratio": 1.0,
  "end_to_end_speedup_mean": 1.0189933554957291,
  "frame_count": 8,
  "generate_speedup_mean": 1.0420913161218652,
  "keep_rate": 1.0,
  "manifest": "research/benchmark_manifests/mvbench_motion_holdout_v2.toml",
  "max_tokens": 32,
  "mean_decode_ms": 432.2924694,
  "mean_dense_end_to_end_ms": 15693.787304133333,
  "mean_dense_generate_ms": 8027.770579133333,
  "mean_dense_generation_tokens": 17.0,
  "mean_dense_generation_tps": 39.142128294734825,
  "mean_dense_prompt_tokens": 2159.733333333333,
  "mean_dense_vision_ms": 7094.692144466667,
  "mean_kept_tokens_total": 2048.0,
  "mean_processor_ms": 139.03211113333333,
  "mean_pruned_end_to_end_ms": 15401.265591666666,
  "mean_pruned_generate_ms": 7703.519312500001,
  "mean_pruned_generation_tokens": 17.0,
  "mean_pruned_generation_tps": 38.46726212276716,
  "mean_pruned_mask_ms": 0.26844443333333334,
  "mean_pruned_novelty_ms": 27.474063833333336,
  "mean_pruned_prompt_tokens": 2159.733333333333,
  "mean_pruned_prune_ms": 3.9870459,
  "median_dense_end_to_end_ms": 14965.036334,
  "median_dense_generate_ms": 7547.443896,
  "median_pruned_end_to_end_ms": 14470.177125999999,
  "median_pruned_generate_ms": 7216.811708499999,
  "model_path": "/Users/jfb/models/gemma-4-e4b-it-4bit",
  "n_frames": 8,
  "n_items": 30,
  "per_token_generate_speedup_mean": 1.0420913161218655,
  "pruned_accuracy": 0.4666666666666667,
  "pruned_parse_failures": 1,
  "tokens_per_frame_baseline": 256,
  "vision_tower_keep_rate": null,
  "vision_tower_layer": null,
  "vision_tower_patched": false
}
