{
  "agreement": 0.9666666666666667,
  "anchor_arm": "none",
  "dense_accuracy": 0.43333333333333335,
  "dense_parse_failures": 1,
  "effective_keep_ratio": 1.0,
  "end_to_end_speedup_mean": 1.0201977194387224,
  "frame_count": 8,
  "generate_speedup_mean": 1.0376252518802342,
  "keep_rate": 1.0,
  "manifest": "research/benchmark_manifests/mvbench_motion_holdout_v2.toml",
  "max_tokens": 32,
  "mean_decode_ms": 381.9051929333334,
  "mean_dense_end_to_end_ms": 11383.021824966669,
  "mean_dense_generate_ms": 7112.0291487,
  "mean_dense_generation_tokens": 18.0,
  "mean_dense_generation_tps": 41.507259880109615,
  "mean_dense_prompt_tokens": 2159.733333333333,
  "mean_dense_vision_ms": 3751.743804166667,
  "mean_kept_tokens_total": 2048.0,
  "mean_processor_ms": 137.34367916666667,
  "mean_pruned_end_to_end_ms": 11157.662488433334,
  "mean_pruned_generate_ms": 6854.1403901,
  "mean_pruned_generation_tokens": 18.0,
  "mean_pruned_generation_tps": 41.093904637039905,
  "mean_pruned_mask_ms": 0.16229436666666663,
  "mean_pruned_novelty_ms": 28.807655533333335,
  "mean_pruned_prompt_tokens": 2159.733333333333,
  "mean_pruned_prune_ms": 3.559472166666666,
  "median_dense_end_to_end_ms": 11279.777022,
  "median_dense_generate_ms": 7134.6980625,
  "median_pruned_end_to_end_ms": 11443.955874,
  "median_pruned_generate_ms": 7164.4784165,
  "model_path": "/Users/jfb/models/gemma-4-e4b-it-4bit",
  "n_frames": 8,
  "n_items": 30,
  "per_token_generate_speedup_mean": 1.0376252518802345,
  "pruned_accuracy": 0.43333333333333335,
  "pruned_parse_failures": 1,
  "tokens_per_frame_baseline": 256,
  "vision_tower_keep_rate": 0.5,
  "vision_tower_layer": 2,
  "vision_tower_patched": true
}
