{
  "agreement": 1.0,
  "anchor_arm": "none",
  "dense_accuracy": 0.26666666666666666,
  "dense_parse_failures": 0,
  "effective_keep_ratio": 1.0,
  "end_to_end_speedup_mean": 1.2921329384663731,
  "frame_count": 8,
  "generate_speedup_mean": 1.725940939175895,
  "keep_rate": 1.0,
  "manifest": "research/benchmark_manifests/tomato_motion_holdout_v2.toml",
  "max_tokens": 32,
  "mean_decode_ms": 3164.085043133333,
  "mean_dense_end_to_end_ms": 21155.342394466672,
  "mean_dense_generate_ms": 11429.451179100002,
  "mean_dense_generation_tokens": 14.0,
  "mean_dense_generation_tps": 43.20069906534537,
  "mean_dense_prompt_tokens": 2182.233333333333,
  "mean_dense_vision_ms": 6442.905047233333,
  "mean_kept_tokens_total": 2048.0,
  "mean_processor_ms": 118.901125,
  "mean_pruned_end_to_end_ms": 16372.419404133334,
  "mean_pruned_generate_ms": 6622.156598566666,
  "mean_pruned_generation_tokens": 14.0,
  "mean_pruned_generation_tps": 42.63377171312414,
  "mean_pruned_mask_ms": 2.2573013666666664,
  "mean_pruned_novelty_ms": 15.280180533333331,
  "mean_pruned_prompt_tokens": 2182.233333333333,
  "mean_pruned_prune_ms": 6.8341083,
  "median_dense_end_to_end_ms": 17399.929187,
  "median_dense_generate_ms": 7458.924833499999,
  "median_pruned_end_to_end_ms": 17170.429958499997,
  "median_pruned_generate_ms": 6630.8220005,
  "model_path": "<model:gemma-4-e4b-it-4bit>",
  "n_frames": 8,
  "n_items": 30,
  "per_token_generate_speedup_mean": 1.7259409391758946,
  "pruned_accuracy": 0.26666666666666666,
  "pruned_parse_failures": 0,
  "tokens_per_frame_baseline": 256,
  "vision_tower_keep_rate": null,
  "vision_tower_layer": null,
  "vision_tower_patched": false
}
