{
  "phase": "1.55A",
  "model": "qwen2.5-vl-7b-instruct-4bit",
  "frame_count": 8,
  "n_clips": 7,
  "n_queries_per_mode": 21,
  "total_wall_ms": 1055157.591333,
  "peak_rss_gb": 2.807660544,
  "session": {
    "label": "session",
    "n": 21,
    "n_correct": 16,
    "accuracy": 0.7619047619047619,
    "mean_elapsed_ms": 12447.797769857143,
    "median_elapsed_ms": 890.797916,
    "p05_elapsed_ms": 743.281791,
    "p95_elapsed_ms": 39234.44675
  },
  "session_first_query": {
    "label": "session_first_query",
    "n": 7,
    "n_correct": 7,
    "accuracy": 1.0,
    "mean_elapsed_ms": 35585.02105357143,
    "median_elapsed_ms": 38482.286625,
    "p05_elapsed_ms": 24967.512167,
    "p95_elapsed_ms": 40250.130083
  },
  "session_follow_up": {
    "label": "session_follow_up",
    "n": 14,
    "n_correct": 9,
    "accuracy": 0.6428571428571429,
    "mean_elapsed_ms": 879.186128,
    "median_elapsed_ms": 814.764875,
    "p05_elapsed_ms": 704.239917,
    "p95_elapsed_ms": 1330.178208
  },
  "baseline": {
    "label": "baseline",
    "n": 21,
    "n_correct": 17,
    "accuracy": 0.8095238095238095,
    "mean_elapsed_ms": 36593.85968261905,
    "median_elapsed_ms": 37890.035375,
    "p05_elapsed_ms": 27191.860917,
    "p95_elapsed_ms": 41009.359417
  },
  "speedup_first_over_follow": 47.23115564474966,
  "mean_follow_up_prefix_coverage": 0.9823413106628393,
  "accuracy_delta_session_minus_baseline": -0.04761904761904767,
  "verdicts": {
    "H1_follow_up_speedup": {
      "earn": true,
      "reject": false,
      "median_follow_up_s": 0.8147648749999999,
      "speedup": 47.23115564474966
    },
    "H2_accuracy_preservation": {
      "earn": true,
      "reject": false,
      "delta": -0.04761904761904767
    },
    "H3_prefix_coverage": {
      "earn": true,
      "reject": false,
      "coverage": 0.9823413106628393
    },
    "H4_peak_rss": {
      "earn": true,
      "reject": false,
      "peak_rss_gb": 2.807660544
    }
  }
}
