{
  "phase": "1.55A",
  "model": "qwen2.5-vl-3b-instruct-4bit",
  "frame_count": 20,
  "n_clips": 7,
  "n_queries_per_mode": 21,
  "total_wall_ms": 1427174.5785,
  "peak_rss_gb": 2.364162048,
  "sampling": {
    "temperature": 0.7,
    "top_p": 1.0,
    "min_p": 0.05,
    "seed": 42
  },
  "session": {
    "label": "session",
    "n": 21,
    "n_correct": 13,
    "accuracy": 0.6190476190476191,
    "mean_elapsed_ms": 16139.109327428572,
    "median_elapsed_ms": 415.088833,
    "p05_elapsed_ms": 338.50325,
    "p95_elapsed_ms": 50536.9935
  },
  "session_first_query": {
    "label": "session_first_query",
    "n": 7,
    "n_correct": 4,
    "accuracy": 0.5714285714285714,
    "mean_elapsed_ms": 47640.578184714286,
    "median_elapsed_ms": 50323.599709,
    "p05_elapsed_ms": 38827.195917,
    "p95_elapsed_ms": 50613.777084
  },
  "session_follow_up": {
    "label": "session_follow_up",
    "n": 14,
    "n_correct": 9,
    "accuracy": 0.6428571428571429,
    "mean_elapsed_ms": 388.3748987857143,
    "median_elapsed_ms": 384.812208,
    "p05_elapsed_ms": 336.183083,
    "p95_elapsed_ms": 481.5545
  },
  "baseline": {
    "label": "baseline",
    "n": 21,
    "n_correct": 15,
    "accuracy": 0.7142857142857143,
    "mean_elapsed_ms": 50650.27099604761,
    "median_elapsed_ms": 50790.613625,
    "p05_elapsed_ms": 48386.189875,
    "p95_elapsed_ms": 52927.5245
  },
  "speedup_first_over_follow": 130.77443662858013,
  "mean_follow_up_prefix_coverage": 0.9928365843428038,
  "accuracy_delta_session_minus_baseline": -0.09523809523809523,
  "verdicts": {
    "H1_follow_up_speedup": {
      "earn": true,
      "reject": false,
      "median_follow_up_s": 0.384812208,
      "speedup": 130.77443662858013
    },
    "H2_accuracy_preservation": {
      "earn": false,
      "reject": false,
      "delta": -0.09523809523809523
    },
    "H3_prefix_coverage": {
      "earn": true,
      "reject": false,
      "coverage": 0.9928365843428038
    },
    "H4_peak_rss": {
      "earn": true,
      "reject": false,
      "peak_rss_gb": 2.364162048
    }
  }
}
