{
  "agreement": 0.9666666666666667,
  "anchor_arm": "none",
  "dense_accuracy": 0.4666666666666667,
  "dense_parse_failures": 1,
  "effective_keep_ratio": 1.0,
  "end_to_end_speedup_mean": 1.169757930279982,
  "frame_count": 32,
  "generate_speedup_mean": 1.4853607258235788,
  "keep_rate": 1.0,
  "manifest": "research/benchmark_manifests/videomme_dev_v1.toml",
  "max_tokens": 32,
  "mean_decode_ms": 30272.02004866667,
  "mean_dense_end_to_end_ms": 95228.27929186667,
  "mean_dense_generate_ms": 42557.472554199994,
  "mean_dense_generation_tokens": 17.0,
  "mean_dense_generation_tps": 36.28089676453253,
  "mean_dense_prompt_tokens": 8396.666666666666,
  "mean_dense_vision_ms": 22011.8518653,
  "mean_kept_tokens_total": 8192.0,
  "mean_processor_ms": 386.9348237,
  "mean_pruned_end_to_end_ms": 81408.5349001,
  "mean_pruned_generate_ms": 28651.270909700008,
  "mean_pruned_generation_tokens": 17.0,
  "mean_pruned_generation_tps": 32.24303106057276,
  "mean_pruned_mask_ms": 6.851097333333333,
  "mean_pruned_novelty_ms": 65.67590133333333,
  "mean_pruned_prompt_tokens": 8396.666666666666,
  "mean_pruned_prune_ms": 13.930254066666665,
  "median_dense_end_to_end_ms": 83750.7338345,
  "median_dense_generate_ms": 43563.1000625,
  "median_pruned_end_to_end_ms": 67394.5683745,
  "median_pruned_generate_ms": 29231.727687500003,
  "model_path": "<model:gemma-4-e4b-it-4bit>",
  "n_frames": 32,
  "n_items": 30,
  "per_token_generate_speedup_mean": 1.4853607258235797,
  "pruned_accuracy": 0.4666666666666667,
  "pruned_parse_failures": 1,
  "tokens_per_frame_baseline": 256,
  "vision_tower_keep_rate": 0.5,
  "vision_tower_layer": 2,
  "vision_tower_patched": true
}
