{
  "agreement": 0.9666666666666667,
  "anchor_arm": "none",
  "dense_accuracy": 0.4666666666666667,
  "dense_parse_failures": 1,
  "effective_keep_ratio": 1.0,
  "end_to_end_speedup_mean": 1.0029963356551042,
  "frame_count": 8,
  "generate_speedup_mean": 1.0200692883631417,
  "keep_rate": 1.0,
  "manifest": "research/benchmark_manifests/videomme_holdout_v1.toml",
  "max_tokens": 32,
  "mean_decode_ms": 29522.118762466667,
  "mean_dense_end_to_end_ms": 39996.728305500015,
  "mean_dense_generate_ms": 6954.411406933334,
  "mean_dense_generation_tokens": 24.0,
  "mean_dense_generation_tps": 35.355868661098036,
  "mean_dense_prompt_tokens": 2194.733333333333,
  "mean_dense_vision_ms": 3446.3491847666673,
  "mean_kept_tokens_total": 2048.0,
  "mean_processor_ms": 73.84895133333333,
  "mean_pruned_end_to_end_ms": 39877.24270136667,
  "mean_pruned_generate_ms": 6817.587281833333,
  "mean_pruned_generation_tokens": 24.0,
  "mean_pruned_generation_tps": 35.5867462750577,
  "mean_pruned_mask_ms": 0.5089166666666666,
  "mean_pruned_novelty_ms": 13.627526366666668,
  "mean_pruned_prompt_tokens": 2194.733333333333,
  "mean_pruned_prune_ms": 3.2020779333333333,
  "median_dense_end_to_end_ms": 22401.509749,
  "median_dense_generate_ms": 6808.6091875,
  "median_pruned_end_to_end_ms": 22565.175457999998,
  "median_pruned_generate_ms": 6818.576354,
  "model_path": "/Users/jfb/models/gemma-4-e4b-it-4bit",
  "n_frames": 8,
  "n_items": 30,
  "per_token_generate_speedup_mean": 1.0200692883631415,
  "pruned_accuracy": 0.4666666666666667,
  "pruned_parse_failures": 1,
  "tokens_per_frame_baseline": 256,
  "vision_tower_keep_rate": 0.5,
  "vision_tower_layer": 2,
  "vision_tower_patched": true
}
