{
  "agreement": 0.8333333333333334,
  "anchor_arm": "none",
  "dense_accuracy": 0.5,
  "dense_parse_failures": 5,
  "effective_keep_ratio": 1.0,
  "end_to_end_speedup_mean": 1.1125589745470799,
  "frame_count": 32,
  "generate_speedup_mean": 1.380005771643052,
  "keep_rate": 1.0,
  "manifest": "research/benchmark_manifests/videomme_dev_v1.toml",
  "max_tokens": 32,
  "mean_decode_ms": 28124.430768133334,
  "mean_dense_end_to_end_ms": 89168.90320700004,
  "mean_dense_generate_ms": 33048.97378186666,
  "mean_dense_generation_tokens": 17.0,
  "mean_dense_generation_tps": 40.38095334091326,
  "mean_dense_prompt_tokens": 8396.666666666666,
  "mean_dense_vision_ms": 27677.79144726666,
  "mean_kept_tokens_total": 8192.0,
  "mean_processor_ms": 317.7072097333333,
  "mean_pruned_end_to_end_ms": 80147.57441806668,
  "mean_pruned_generate_ms": 23948.431565266674,
  "mean_pruned_generation_tokens": 17.0,
  "mean_pruned_generation_tps": 39.563232974797444,
  "mean_pruned_mask_ms": 7.2281124666666665,
  "mean_pruned_novelty_ms": 57.02102073333333,
  "mean_pruned_prompt_tokens": 8396.666666666666,
  "mean_pruned_prune_ms": 14.964294466666667,
  "median_dense_end_to_end_ms": 78843.64341749999,
  "median_dense_generate_ms": 31606.897271,
  "median_pruned_end_to_end_ms": 68991.6568955,
  "median_pruned_generate_ms": 24471.672146,
  "model_path": "<model:gemma-4-e4b-it-4bit>",
  "n_frames": 32,
  "n_items": 30,
  "per_token_generate_speedup_mean": 1.3800057716430527,
  "pruned_accuracy": 0.5,
  "pruned_parse_failures": 5,
  "tokens_per_frame_baseline": 256,
  "vision_tower_keep_rate": null,
  "vision_tower_layer": null,
  "vision_tower_patched": false
}
