{
  "agreement": 0.6666666666666666,
  "anchor_arm": "none",
  "dense_accuracy": 0.4666666666666667,
  "dense_parse_failures": 1,
  "effective_keep_ratio": 0.296875,
  "end_to_end_speedup_mean": 1.0636219682433523,
  "frame_count": 8,
  "generate_speedup_mean": 1.5008446773666853,
  "keep_rate": 0.3,
  "manifest": "research/benchmark_manifests/videomme_holdout_v1.toml",
  "max_tokens": 32,
  "mean_decode_ms": 27232.462679099997,
  "mean_dense_end_to_end_ms": 37629.339180466675,
  "mean_dense_generate_ms": 6791.459156733333,
  "mean_dense_generation_tokens": 24.0,
  "mean_dense_generation_tps": 36.893959417578344,
  "mean_dense_prompt_tokens": 2194.733333333333,
  "mean_dense_vision_ms": 3534.9759278333336,
  "mean_kept_tokens_total": 608.0,
  "mean_processor_ms": 70.4414168,
  "mean_pruned_end_to_end_ms": 35378.490012400005,
  "mean_pruned_generate_ms": 4525.091276366667,
  "mean_pruned_generation_tokens": 21.0,
  "mean_pruned_generation_tps": 39.75239922188739,
  "mean_pruned_mask_ms": 0.7381916666666667,
  "mean_pruned_novelty_ms": 12.883218,
  "mean_pruned_prompt_tokens": 754.7333333333333,
  "mean_pruned_prune_ms": 1.8973026333333332,
  "median_dense_end_to_end_ms": 21221.064040999998,
  "median_dense_generate_ms": 6965.43525,
  "median_pruned_end_to_end_ms": 18545.1906045,
  "median_pruned_generate_ms": 4339.4226875,
  "model_path": "/Users/jfb/models/gemma-4-e4b-it-4bit",
  "n_frames": 8,
  "n_items": 30,
  "per_token_generate_speedup_mean": 1.3132390926958502,
  "pruned_accuracy": 0.43333333333333335,
  "pruned_parse_failures": 0,
  "tokens_per_frame_baseline": 256,
  "vision_tower_keep_rate": 0.5,
  "vision_tower_layer": 2,
  "vision_tower_patched": true
}
