{
  "agreement": 0.9,
  "anchor_arm": "none",
  "dense_accuracy": 0.3333333333333333,
  "dense_parse_failures": 3,
  "effective_keep_ratio": 1.0,
  "end_to_end_speedup_mean": 1.0136021707732406,
  "frame_count": 8,
  "generate_speedup_mean": 1.0778020621493165,
  "keep_rate": 1.0,
  "manifest": "research/benchmark_manifests/videomme_dev_v1.toml",
  "max_tokens": 32,
  "mean_decode_ms": 28195.013436199995,
  "mean_dense_end_to_end_ms": 39861.730691733326,
  "mean_dense_generate_ms": 7652.694430466666,
  "mean_dense_generation_tokens": 21.766666666666666,
  "mean_dense_generation_tps": 36.13021411013569,
  "mean_dense_prompt_tokens": 2180.6666666666665,
  "mean_dense_vision_ms": 3944.9569320333335,
  "mean_kept_tokens_total": 2048.0,
  "mean_processor_ms": 69.06589303333332,
  "mean_pruned_end_to_end_ms": 39326.80083086666,
  "mean_pruned_generate_ms": 7100.278148666668,
  "mean_pruned_generation_tokens": 21.766666666666666,
  "mean_pruned_generation_tps": 36.187210165492296,
  "mean_pruned_mask_ms": 0.7004306333333332,
  "mean_pruned_novelty_ms": 13.253361233333333,
  "mean_pruned_prompt_tokens": 2180.6666666666665,
  "mean_pruned_prune_ms": 3.5326290666666664,
  "median_dense_end_to_end_ms": 21915.152708499998,
  "median_dense_generate_ms": 7634.4843545,
  "median_pruned_end_to_end_ms": 20695.804584,
  "median_pruned_generate_ms": 6927.812416500001,
  "model_path": "<model:gemma-4-e4b-it-4bit>",
  "n_frames": 8,
  "n_items": 30,
  "per_token_generate_speedup_mean": 1.077802062149317,
  "pruned_accuracy": 0.3333333333333333,
  "pruned_parse_failures": 3,
  "tokens_per_frame_baseline": 256,
  "vision_tower_keep_rate": 0.5,
  "vision_tower_layer": 2,
  "vision_tower_patched": true
}
