{
  "phase": "1.30",
  "stack": "streaming",
  "model": "Qwen2.5-VL-7B-Instruct-4bit",
  "frame_count": 8,
  "n_seed_items": 57,
  "n_session_seeds": 57,
  "n_unique_video_ids": 57,
  "n_queries": 171,
  "source_manifests": [
    "research/benchmark_manifests/videomme_dev_v1.toml",
    "research/benchmark_manifests/videomme_holdout_v1.toml"
  ],
  "vision_tower_keep_rate": 0.5,
  "vision_tower_layer": 2,
  "drift_refresh_policy": "off",
  "drift_refresh_threshold": 0.0,
  "total_wall_ms": 4676128.668583,
  "peak_rss_gb": 4.379738112,
  "all_queries": {
    "label": "all_queries",
    "n": 171,
    "n_correct": 63,
    "accuracy": 0.3684210526315789,
    "n_parse_failures": 9,
    "mean_end_to_end_ms": 27214.169945923975,
    "median_end_to_end_ms": 1355.4259160000001,
    "p05_end_to_end_ms": 595.733667,
    "p95_end_to_end_ms": 144837.580666,
    "mean_decode_ms": 17638.146331134503,
    "mean_processor_ms": 71.0214512748538,
    "mean_query_ms": 9505.00216351462,
    "mean_prefix_coverage_follow_up": 0.9815190231780154
  },
  "first_queries": {
    "label": "first_queries",
    "n": 57,
    "n_correct": 28,
    "accuracy": 0.49122807017543857,
    "n_parse_failures": 1,
    "mean_end_to_end_ms": 79241.3106265614,
    "median_end_to_end_ms": 45478.982584,
    "p05_end_to_end_ms": 31695.679875,
    "p95_end_to_end_ms": 207121.973834,
    "mean_decode_ms": 52914.43555264913,
    "mean_processor_ms": 52.673490526315796,
    "mean_query_ms": 26274.201583385966,
    "mean_prefix_coverage_follow_up": 0.0
  },
  "follow_ups": {
    "label": "follow_ups",
    "n": 114,
    "n_correct": 35,
    "accuracy": 0.30701754385964913,
    "n_parse_failures": 8,
    "mean_end_to_end_ms": 1200.5996056052632,
    "median_end_to_end_ms": 973.117916,
    "p05_end_to_end_ms": 584.451416,
    "p95_end_to_end_ms": 3313.225584,
    "mean_decode_ms": 0.0017203771929824561,
    "mean_processor_ms": 80.19543164912281,
    "mean_query_ms": 1120.4024535789474,
    "mean_prefix_coverage_follow_up": 0.9815190231780154
  },
  "degenerate_queries": 9,
  "parse_failures": 9,
  "refresh_events": 0,
  "refresh_trace_path": "research/experiments/2026/artifacts/phase1_30_scaleout_streaming/streaming_summary_refresh_trace.json"
}
