{
  "phase": "1.55A",
  "model": "qwen2.5-vl-3b-instruct-4bit",
  "frame_count": 36,
  "n_clips": 7,
  "n_queries_per_mode": 21,
  "total_wall_ms": 3410138.530084,
  "peak_rss_gb": 2.353020928,
  "sampling": {
    "temperature": 0.0,
    "top_p": 1.0,
    "min_p": 0.0,
    "seed": 42
  },
  "session": {
    "label": "session",
    "n": 21,
    "n_correct": 8,
    "accuracy": 0.38095238095238093,
    "mean_elapsed_ms": 38846.92344257143,
    "median_elapsed_ms": 594.62375,
    "p05_elapsed_ms": 474.074834,
    "p95_elapsed_ms": 128991.194292
  },
  "session_first_query": {
    "label": "session_first_query",
    "n": 7,
    "n_correct": 4,
    "accuracy": 0.5714285714285714,
    "mean_elapsed_ms": 115335.29389285714,
    "median_elapsed_ms": 120860.398833,
    "p05_elapsed_ms": 78537.054333,
    "p95_elapsed_ms": 129658.46925
  },
  "session_follow_up": {
    "label": "session_follow_up",
    "n": 14,
    "n_correct": 4,
    "accuracy": 0.2857142857142857,
    "mean_elapsed_ms": 602.7382174285714,
    "median_elapsed_ms": 561.6645,
    "p05_elapsed_ms": 464.220333,
    "p95_elapsed_ms": 887.089
  },
  "baseline": {
    "label": "baseline",
    "n": 21,
    "n_correct": 12,
    "accuracy": 0.5714285714285714,
    "mean_elapsed_ms": 121427.95349190474,
    "median_elapsed_ms": 121222.379458,
    "p05_elapsed_ms": 106254.408292,
    "p95_elapsed_ms": 131993.480542
  },
  "speedup_first_over_follow": 215.1825490715543,
  "mean_follow_up_prefix_coverage": 0.9960035573378379,
  "accuracy_delta_session_minus_baseline": -0.19047619047619047,
  "verdicts": {
    "H1_follow_up_speedup": {
      "earn": true,
      "reject": false,
      "median_follow_up_s": 0.5616645,
      "speedup": 215.1825490715543
    },
    "H2_accuracy_preservation": {
      "earn": false,
      "reject": true,
      "delta": -0.19047619047619047
    },
    "H3_prefix_coverage": {
      "earn": true,
      "reject": false,
      "coverage": 0.9960035573378379
    },
    "H4_peak_rss": {
      "earn": true,
      "reject": false,
      "peak_rss_gb": 2.353020928
    }
  }
}
