{
  "phase": "1.55A",
  "model": "qwen2.5-vl-7b-instruct-4bit",
  "frame_count": 8,
  "n_clips": 7,
  "n_queries_per_mode": 21,
  "total_wall_ms": 1567056.80275,
  "peak_rss_gb": 3.601006592,
  "session": {
    "label": "session",
    "n": 21,
    "n_correct": 17,
    "accuracy": 0.8095238095238095,
    "mean_elapsed_ms": 35583.823422571426,
    "median_elapsed_ms": 37354.260875,
    "p05_elapsed_ms": 26788.137125,
    "p95_elapsed_ms": 39552.755416
  },
  "session_first_query": {
    "label": "session_first_query",
    "n": 7,
    "n_correct": 7,
    "accuracy": 1.0,
    "mean_elapsed_ms": 34773.115059285716,
    "median_elapsed_ms": 37632.86425,
    "p05_elapsed_ms": 24973.260083,
    "p95_elapsed_ms": 40439.360875
  },
  "session_follow_up": {
    "label": "session_follow_up",
    "n": 14,
    "n_correct": 10,
    "accuracy": 0.7142857142857143,
    "mean_elapsed_ms": 35989.17760421428,
    "median_elapsed_ms": 37354.260875,
    "p05_elapsed_ms": 26788.137125,
    "p95_elapsed_ms": 39552.755416
  },
  "baseline": {
    "label": "baseline",
    "n": 21,
    "n_correct": 17,
    "accuracy": 0.8095238095238095,
    "mean_elapsed_ms": 37905.78443452381,
    "median_elapsed_ms": 38666.323,
    "p05_elapsed_ms": 33225.929458,
    "p95_elapsed_ms": 40930.689792
  },
  "speedup_first_over_follow": 1.0074584095220702,
  "mean_follow_up_prefix_coverage": 0.0,
  "accuracy_delta_session_minus_baseline": 0.0,
  "verdicts": {
    "H1_follow_up_speedup": {
      "earn": false,
      "reject": true,
      "median_follow_up_s": 37.354260875,
      "speedup": 1.0074584095220702
    },
    "H2_accuracy_preservation": {
      "earn": true,
      "reject": false,
      "delta": 0.0
    },
    "H3_prefix_coverage": {
      "earn": false,
      "reject": true,
      "coverage": 0.0
    },
    "H4_peak_rss": {
      "earn": true,
      "reject": false,
      "peak_rss_gb": 3.601006592
    }
  }
}
