{
  "agreement": 0.9333333333333333,
  "anchor_arm": "none",
  "dense_accuracy": 0.4,
  "dense_parse_failures": 4,
  "effective_keep_ratio": 1.0,
  "end_to_end_speedup_mean": 1.0159134508333965,
  "frame_count": 8,
  "generate_speedup_mean": 1.1463810283269236,
  "keep_rate": 1.0,
  "manifest": "research/benchmark_manifests/videomme_combined_v1_n60.toml",
  "max_tokens": 32,
  "mean_decode_ms": 66396.15721038335,
  "mean_dense_end_to_end_ms": 81857.83285138333,
  "mean_dense_generate_ms": 10226.810690249999,
  "mean_dense_generation_tokens": 22.883333333333333,
  "mean_dense_generation_tps": 28.810012584459347,
  "mean_dense_prompt_tokens": 2187.7,
  "mean_dense_vision_ms": 5124.093436833332,
  "mean_kept_tokens_total": 2048.0,
  "mean_processor_ms": 110.77151391666666,
  "mean_pruned_end_to_end_ms": 80575.59704936667,
  "mean_pruned_generate_ms": 8920.952490966667,
  "mean_pruned_generation_tokens": 22.883333333333333,
  "mean_pruned_generation_tps": 28.11857424166143,
  "mean_pruned_mask_ms": 1.76660345,
  "mean_pruned_novelty_ms": 16.446759733333334,
  "mean_pruned_prompt_tokens": 2187.7,
  "mean_pruned_prune_ms": 5.409034083333333,
  "median_dense_end_to_end_ms": 39384.635459,
  "median_dense_generate_ms": 10251.294479,
  "median_pruned_end_to_end_ms": 38101.249334,
  "median_pruned_generate_ms": 9085.785875000001,
  "model_path": "<model:gemma-4-e4b-it-4bit>",
  "n_frames": 8,
  "n_items": 60,
  "per_token_generate_speedup_mean": 1.1463810283269238,
  "pruned_accuracy": 0.4,
  "pruned_parse_failures": 4,
  "tokens_per_frame_baseline": 256,
  "vision_tower_keep_rate": 0.5,
  "vision_tower_layer": 2,
  "vision_tower_patched": true
}
