{
  "phase": "1.55A",
  "model": "qwen2.5-vl-7b-instruct-4bit",
  "frame_count": 16,
  "n_clips": 7,
  "n_queries_per_mode": 21,
  "total_wall_ms": 2095376.382167,
  "peak_rss_gb": 1.482194944,
  "session": {
    "label": "session",
    "n": 21,
    "n_correct": 17,
    "accuracy": 0.8095238095238095,
    "mean_elapsed_ms": 24392.387420666666,
    "median_elapsed_ms": 1031.538416,
    "p05_elapsed_ms": 753.835084,
    "p95_elapsed_ms": 83260.4995
  },
  "session_first_query": {
    "label": "session_first_query",
    "n": 7,
    "n_correct": 7,
    "accuracy": 1.0,
    "mean_elapsed_ms": 71392.487756,
    "median_elapsed_ms": 73501.502583,
    "p05_elapsed_ms": 51979.81775,
    "p95_elapsed_ms": 84411.843333
  },
  "session_follow_up": {
    "label": "session_follow_up",
    "n": 14,
    "n_correct": 10,
    "accuracy": 0.7142857142857143,
    "mean_elapsed_ms": 892.3372529999999,
    "median_elapsed_ms": 807.147209,
    "p05_elapsed_ms": 732.006333,
    "p95_elapsed_ms": 1322.616666
  },
  "baseline": {
    "label": "baseline",
    "n": 21,
    "n_correct": 17,
    "accuracy": 0.8095238095238095,
    "mean_elapsed_ms": 74067.8928492381,
    "median_elapsed_ms": 74554.462,
    "p05_elapsed_ms": 66812.818125,
    "p95_elapsed_ms": 84453.5145
  },
  "speedup_first_over_follow": 91.06331752551472,
  "mean_follow_up_prefix_coverage": 0.9910668067542574,
  "accuracy_delta_session_minus_baseline": 0.0,
  "verdicts": {
    "H1_follow_up_speedup": {
      "earn": true,
      "reject": false,
      "median_follow_up_s": 0.8071472089999999,
      "speedup": 91.06331752551472
    },
    "H2_accuracy_preservation": {
      "earn": true,
      "reject": false,
      "delta": 0.0
    },
    "H3_prefix_coverage": {
      "earn": true,
      "reject": false,
      "coverage": 0.9910668067542574
    },
    "H4_peak_rss": {
      "earn": true,
      "reject": false,
      "peak_rss_gb": 1.482194944
    }
  }
}
